industrial-classification	name	count
0111	Grow cereals & other crops	18
01110	Growing of cereals (except rice), leguminous crops and oil seeds	4194
0112	Grow vegetables & nursery products	15
01120	Growing of rice	31
0113	Grow fruit, nuts, beverage & spice crops	1
01130	Growing of vegetables and melons, roots and tubers	1229
01140	Growing of sugar cane	14
01150	Growing of tobacco	6
01160	Growing of fibre crops	40
01190	Growing of other non-perennial crops	245
0121	Farming of cattle, dairy farming	5
01210	Growing of grapes	103
0122	Farm sheep, goats, horses, etc.	8
01220	Growing of tropical and subtropical fruits	22
0123	Farming of swine	4
01230	Growing of citrus fruits	11
0124	Farming of poultry	2
01240	Growing of pome fruits and stone fruits	175
0125	Other farming of animals	2
01250	Growing of other tree and bush fruits and nuts	255
01260	Growing of oleaginous fruits	12
01270	Growing of beverage crops	26
01280	Growing of spices, aromatic, drug and pharmaceutical crops	52
01290	Growing of other perennial crops	350
0130	Crops combined with animals, mixed farms	8
01300	Plant propagation	447
0141	Agricultural service activities	39
01410	Raising of dairy cattle	1582
0142	Animal husbandry services, not vets	7
01420	Raising of other cattle and buffaloes	811
01430	Raising of horses and other equines	1141
01440	Raising of camels and camelids	49
01450	Raising of sheep and  goats	985
01460	Raising of swine/pigs	485
01470	Raising of poultry	1126
01490	Raising of other animals	607
0150	Hunting and game rearing inc. services	3
01500	Mixed farming	4656
01610	Support activities for crop production	2077
01621	Farm animal boarding and care	596
01629	Support activities for animal production (other than farm animal boarding and care) n.e.c.	1845
01630	Post-harvest crop activities	435
01640	Seed processing for propagation	100
01700	Hunting, trapping and related service activities	639
0201	Forestry & logging	8
0202	Forestry & logging related services	4
02100	Silviculture and other forestry activities	1606
02200	Logging	649
02300	Gathering of wild growing non-wood products	45
02400	Support services to forestry	1682
03110	Marine fishing	1842
03120	Freshwater fishing	604
03210	Marine aquaculture	426
03220	Freshwater aquaculture	299
0501	Fishing	9
0502	Operation fish hatcheries & farms	5
05101	Deep coal mines	52
05102	Open cast coal working	110
05200	Mining of lignite	6
06100	Extraction of crude petroleum	2233
06200	Extraction of natural gas	1020
07100	Mining of iron ores	90
07210	Mining of uranium and thorium ores	16
07290	Mining of other non-ferrous metal ores	334
08110	Quarrying of ornamental and building stone, limestone, gypsum, chalk and slate	434
08120	Operation of gravel and sand pits; mining of clays and kaolin	351
08910	Mining of chemical and fertilizer minerals	40
08920	Extraction of peat	14
08930	Extraction of salt	9
08990	Other mining and quarrying n.e.c.	895
09100	Support activities for petroleum and natural gas extraction	4047
09900	Support activities for other mining and quarrying	741
1010	Mining & agglomeration of hard coal	8
10110	Processing and preserving of meat	534
10120	Processing and preserving of poultry meat	136
10130	Production of meat and poultry meat products	792
10200	Processing and preserving of fish, crustaceans and molluscs	405
1030	Extraction and agglomeration of peat	1
10310	Processing and preserving of potatoes	69
10320	Manufacture of fruit and vegetable juice	216
10390	Other processing and preserving of fruit and vegetables	722
10410	Manufacture of oils and fats	171
10420	Manufacture of margarine and similar edible fats	19
10511	Liquid milk and cream production	189
10512	Butter and cheese production	250
10519	Manufacture of other milk products	168
10520	Manufacture of ice cream	398
10611	Grain milling	111
10612	Manufacture of breakfast cereals and cereals-based food	156
10620	Manufacture of starches and starch products	19
10710	Manufacture of bread; manufacture of fresh pastry goods and cakes	2620
10720	Manufacture of rusks and biscuits; manufacture of preserved pastry goods and cakes	394
10730	Manufacture of macaroni, noodles, couscous and similar farinaceous products	40
10810	Manufacture of sugar	18
10821	Manufacture of cocoa and chocolate confectionery	540
10822	Manufacture of sugar confectionery	304
10831	Tea processing	163
10832	Production of coffee and coffee substitutes	292
10840	Manufacture of condiments and seasonings	545
10850	Manufacture of prepared meals and dishes	644
10860	Manufacture of homogenized food preparations and dietetic food	97
10890	Manufacture of other food products n.e.c.	2222
10910	Manufacture of prepared feeds for farm animals	268
10920	Manufacture of prepared pet foods	317
11010	Distilling, rectifying and blending of spirits	813
11020	Manufacture of wine from grape	205
11030	Manufacture of cider and other fruit wines	274
11040	Manufacture of other non-distilled fermented beverages	130
11050	Manufacture of beer	1773
11060	Manufacture of malt	28
11070	Manufacture of soft drinks; production of mineral waters and other bottled waters	875
1110	Extraction petroleum & natural gas	14
1120	Services to oil and gas extraction	21
12000	Manufacture of tobacco products	137
13100	Preparation and spinning of textile fibres	285
1320	Mining non-ferrous metal ores	2
13200	Weaving of textiles	278
13300	Finishing of textiles	1021
13910	Manufacture of knitted and crocheted fabrics	265
13921	Manufacture of soft furnishings	851
13922	manufacture of canvas goods, sacks, etc.	95
13923	manufacture of household textiles	477
13931	Manufacture of woven or tufted carpets and rugs	96
13939	Manufacture of other carpets and rugs	95
13940	Manufacture of cordage, rope, twine and netting	67
13950	Manufacture of non-wovens and articles made from non-wovens, except apparel	116
13960	Manufacture of other technical and industrial textiles	244
13990	Manufacture of other textiles n.e.c.	1329
1411	Quarrying of stone for construction	14
14110	Manufacture of leather clothes	163
14120	Manufacture of workwear	439
14131	Manufacture of other men's outerwear	1398
14132	Manufacture of other women's outerwear	2064
14141	Manufacture of men's underwear	113
14142	Manufacture of women's underwear	332
14190	Manufacture of other wearing apparel and accessories n.e.c.	4048
14200	Manufacture of articles of fur	20
1421	Operation of gravel and sand pits	6
1422	Mining of clays and kaolin	2
14310	Manufacture of knitted and crocheted hosiery	107
14390	Manufacture of other knitted and crocheted apparel	221
1450	Other mining and quarrying	6
1511	Production and preserving of meat	4
15110	Tanning and dressing of leather; dressing and dyeing of fur	164
1512	Production & preserve poultry meat	2
15120	Manufacture of luggage, handbags and the like, saddlery and harness	758
1513	Production meat & poultry products	19
1520	Process & preserve fish & products	3
15200	Manufacture of footwear	345
1531	Processing & preserve potatoes	1
1532	Manufacture of fruit & vegetable juice	2
1533	Process etc. fruit, vegetables	15
1541	Manufacture of crude oils and fats	5
1551	Operation dairies & cheese making	6
1552	Manufacture of ice cream	2
1561	Manufacture of grain mill products	2
1571	Manufacture of prepared farm animal feeds	6
1572	Manufacture of prepared pet foods	1
1581	Manufacture of bread, fresh pastry & cakes	27
1582	Manufacture biscuits, preserved pastry etc.	3
1584	Manufacture cocoa, chocolate, confectionery	14
1586	Processing of tea and coffee	1
1587	Manufacture of condiments & seasonings	2
1589	Manufacture of other food products	16
1591	Manufacture distilled potable alcoholic drinks	2
1594	Manufacture of cider & other fruit wines	2
1595	Manufacture other non-distilled fermented drinks	1
1596	Manufacture of beer	5
1598	Produce mineral water, soft drinks	16
1600	Manufacture of tobacco products	2
16100	Sawmilling and planing of wood	505
16210	Manufacture of veneer sheets and wood-based panels	129
16220	Manufacture of assembled parquet floors	75
16230	Manufacture of other builders' carpentry and joinery	2416
16240	Manufacture of wooden containers	294
16290	Manufacture of other products of wood; manufacture of articles of cork, straw and plaiting materials	1663
1711	Prepare & spin cotton-type fibres	5
17110	Manufacture of pulp	49
1712	Prepare & spin woollen-type fibres	8
17120	Manufacture of paper and paperboard	222
1713	Prepare & spin worsted-type fibres	1
1717	Preparation & spin of other textiles	27
1721	Cotton-type weaving	8
17211	Manufacture of corrugated paper and paperboard, sacks and bags	130
17219	Manufacture of other paper and paperboard containers	457
1722	Woollen-type weaving	1
17220	Manufacture of household and sanitary goods and of toilet requisites	104
1723	Worsted-type weaving	2
17230	Manufacture of paper stationery	917
17240	Manufacture of wallpaper	49
17290	Manufacture of other articles of paper and paperboard n.e.c.	581
1730	Finishing of textiles	21
1740	Manufacture made-up textiles, not apparel	23
1751	Manufacture of carpets and rugs	17
1752	Manufacture cordage, rope, twine & netting	3
1753	Manufacture nonwovens & goods, not apparel	2
1754	Manufacture of other textiles	18
1760	Manufacture of knitted & crocheted fabrics	4
1771	Manufacture of knitted & crocheted hosiery	11
1772	Manufacture knit & crocheted pullovers, etc.	8
1810	Manufacture of leather clothes	1
18110	Printing of newspapers	140
18121	Manufacture of printed labels	401
18129	Printing n.e.c.	8125
18130	Pre-press and pre-media services	1041
18140	Binding and related services	316
18201	Reproduction of sound recording	537
18202	Reproduction of video recording	244
18203	Reproduction of computer media	294
1821	Manufacture of workwear	6
1822	Manufacture of other outerwear	50
1823	Manufacture of underwear	15
1824	Manufacture other wearing apparel etc.	32
1910	Tanning and dressing of leather	8
19100	Manufacture of coke oven products	11
1920	Manufacture of luggage & the like, saddlery	5
19201	Mineral oil refining	113
19209	Other treatment of petroleum products (excluding petrochemicals manufacture)	149
1930	Manufacture of footwear	7
2010	Sawmill, plane, impregnation wood	24
20110	Manufacture of industrial gases	55
20120	Manufacture of dyes and pigments	119
20130	Manufacture of other inorganic basic chemicals	276
20140	Manufacture of other organic basic chemicals	221
20150	Manufacture of fertilizers and nitrogen compounds	113
20160	Manufacture of plastics in primary forms	220
20170	Manufacture of synthetic rubber in primary forms	16
2020	Manufacture of veneer sheets, plywood, etc.	2
20200	Manufacture of pesticides and other agrochemical products	102
2030	Manufacture builders' carpentry & joinery	41
20301	Manufacture of paints, varnishes and similar coatings, mastics and sealants	426
20302	Manufacture of printing ink	89
2040	Manufacture of wooden containers	10
20411	Manufacture of soap and detergents	394
20412	Manufacture of cleaning and polishing preparations	204
20420	Manufacture of perfumes and toilet preparations	533
2051	Manufacture of other products of wood	54
20510	Manufacture of explosives	23
20520	Manufacture of glues	79
20530	Manufacture of essential oils	99
20590	Manufacture of other chemical products n.e.c.	1148
20600	Manufacture of man-made fibres	45
21100	Manufacture of basic pharmaceutical products	1049
2111	Manufacture of pulp	2
2112	Manufacture of paper & paperboard	12
21200	Manufacture of pharmaceutical preparations	560
2121	Manufacture of cartons, boxes & cases of corrugated paper & paperboard	23
2123	Manufacture of paper stationery	25
2124	Manufacture of wallpaper	1
2125	Manufacture of paper & paperboard goods	16
2211	Publishing of books	20
22110	Manufacture of rubber tyres and tubes; retreading and rebuilding of rubber tyres	105
2212	Publishing of newspapers	14
2213	Publish journals & periodicals	66
2214	Publishing of sound recordings	6
2215	Other publishing	22
22190	Manufacture of other rubber products	689
2221	Printing of newspapers	2
22210	Manufacture of plastic plates, sheets, tubes and profiles	269
2222	Printing not elsewhere classified	225
22220	Manufacture of plastic packing goods	603
2223	Bookbinding and finishing	19
22230	Manufacture of builders  ware of plastic	310
2224	Pre-press activities	6
2225	Ancillary printing operations	32
22290	Manufacture of other plastic products	3998
2231	Reproduction of sound recording	3
2232	Reproduction of video recording	2
2233	Reproduction of computer media	4
23110	Manufacture of flat glass	148
23120	Shaping and processing of flat glass	247
23130	Manufacture of hollow glass	26
23140	Manufacture of glass fibres	83
23190	Manufacture and processing of other glass, including technical glassware	244
2320	Manufacture of refined petroleum products	5
23200	Manufacture of refractory products	60
23310	Manufacture of ceramic tiles and flags	38
23320	Manufacture of bricks, tiles and construction products, in baked clay	102
23410	Manufacture of ceramic household and ornamental articles	140
23420	Manufacture of ceramic sanitary fixtures	25
23430	Manufacture of ceramic insulators and insulating fittings	11
23440	Manufacture of other technical ceramic products	113
23490	Manufacture of other ceramic products n.e.c.	117
23510	Manufacture of cement	55
23520	Manufacture of lime and plaster	19
23610	Manufacture of concrete products for construction purposes	324
23620	Manufacture of plaster products for construction purposes	67
23630	Manufacture of ready-mixed concrete	183
23640	Manufacture of mortars	27
23650	Manufacture of fibre cement	13
23690	Manufacture of other articles of concrete, plaster and cement	136
23700	Cutting, shaping and finishing of stone	558
23910	Production of abrasive products	66
23990	Manufacture of other non-metallic mineral products n.e.c.	314
24100	Manufacture of basic iron and steel and of ferro-alloys	686
2411	Manufacture of industrial gases	1
2412	Manufacture of dyes and pigments	2
2413	Manufacture other inorganic basic chemicals	12
2414	Manufacture other organic basic chemicals	3
2415	Manufacture fertilizers, nitrogen compounds	3
2416	Manufacture of plastics in primary forms	12
2417	Manufacture synthetic rubber primary forms	1
24200	Manufacture of tubes, pipes, hollow profiles and related fittings, of steel	336
2430	Manufacture of paints, print ink & mastics etc.	8
24310	Cold drawing of bars	7
24320	Cold rolling of narrow strip	13
24330	Cold forming or folding	138
24340	Cold drawing of wire	25
2441	Manufacture of basic pharmaceutical prods	5
24410	Precious metals production	154
2442	Manufacture of pharmaceutical preparations	3
24420	Aluminium production	161
24430	Lead, zinc and tin production	18
24440	Copper production	44
24450	Other non-ferrous metal production	228
24460	Processing of nuclear fuel	13
2451	Manufacture soap & detergents, polishes etc.	8
24510	Casting of iron	146
2452	Manufacture perfumes & toilet preparations	6
24520	Casting of steel	152
24530	Casting of light metals	124
24540	Casting of other non-ferrous metals	140
2462	Manufacture of glues and gelatines	1
2463	Manufacture of essential oils	4
2464	Manufacture photograph chemical material	1
2465	Manufacture of prepared unrecorded media	1
2466	Manufacture of other chemical products	17
2470	Manufacture of man-made fibres	5
25110	Manufacture of metal structures and parts of structures	4898
25120	Manufacture of doors and windows of metal	869
2513	Manufacture of other rubber products	17
25210	Manufacture of central heating radiators and boilers	114
2522	Manufacture of plastic pack goods	6
2523	Manufacture of builders' ware of plastic	6
2524	Manufacture of other plastic products	105
25290	Manufacture of other tanks, reservoirs and containers of metal	266
25300	Manufacture of steam generators, except central heating hot water boilers	19
25400	Manufacture of weapons and ammunition	84
25500	Forging, pressing, stamping and roll-forming of metal; powder metallurgy	417
25610	Treatment and coating of metals	880
25620	Machining	3129
25710	Manufacture of cutlery	128
25720	Manufacture of locks and hinges	173
25730	Manufacture of tools	813
25910	Manufacture of steel drums and similar containers	51
25920	Manufacture of light metal packaging	93
25930	Manufacture of wire products, chain and springs	391
25940	Manufacture of fasteners and screw machine products	281
25990	Manufacture of other fabricated metal products n.e.c.	8514
2611	Manufacture of flat glass	9
26110	Manufacture of electronic components	1281
2612	Shaping & process of flat glass	10
26120	Manufacture of loaded electronic boards	429
2613	Manufacture of hollow glass	4
2614	Manufacture of glass fibres	3
2615	Manufacture other glass inc. technical	4
26200	Manufacture of computers and peripheral equipment	1014
2621	Manufacture of ceramic household etc. goods	6
2622	Manufacture of ceramic sanitary fixtures	1
2625	Manufacture of other ceramic products	19
2626	Manufacture of refractory ceramic products	3
2630	Manufacture of ceramic tiles & flags	2
26301	Manufacture of telegraph and telephone apparatus and equipment	313
26309	Manufacture of communication equipment other than telegraph, and telephone apparatus and equipment	371
2640	Manufacture of bricks, etc. in baked clay	6
26400	Manufacture of consumer electronics	945
2651	Manufacture of cement	3
26511	Manufacture of electronic measuring, testing etc. equipment, not for industrial process control	1221
26512	Manufacture of electronic industrial process control equipment	795
26513	Manufacture of non-electronic measuring, testing etc. equipment, not for industrial process control	85
26514	Manufacture of non-electronic industrial process control equipment	65
26520	Manufacture of watches and clocks	98
2653	Manufacture of plaster	1
26600	Manufacture of irradiation, electromedical and electrotherapeutic equipment	84
2661	Manufacture concrete goods for construction	11
2663	Manufacture of ready-mixed concrete	3
2664	Manufacture of mortars	2
2666	Manufacture other articles of concrete, etc.	2
2670	Cutting, shaping & finish stone	3
26701	Manufacture of optical precision instruments	267
26702	Manufacture of photographic and cinematographic equipment	136
26800	Manufacture of magnetic and optical media	47
2681	Production of abrasive products	12
2682	Manufacture other non-metal mineral	4
2710	Manufacture of basic iron & steel & of Ferro-alloys	47
27110	Manufacture of electric motors, generators and transformers	404
27120	Manufacture of electricity distribution and control apparatus	509
27200	Manufacture of batteries and accumulators	92
2722	Manufacture of steel tubes	7
2731	Cold drawing	2
27310	Manufacture of fibre optic cables	19
27320	Manufacture of other electronic and electric wires and cables	361
2733	Cold forming or folding	2
27330	Manufacture of wiring devices	106
2734	Wire drawing	1
27400	Manufacture of electric lighting equipment	965
2741	Precious metals production	1
2742	Aluminium production	16
2743	Lead, zinc and tin production	1
2744	Copper production	13
2745	Other non-ferrous metal production	10
2751	Casting of iron	34
27510	Manufacture of electric domestic appliances	325
2752	Casting of steel	6
27520	Manufacture of non-electric domestic appliances	55
2753	Casting of light metals	5
2754	Casting of other non-ferrous metals	9
27900	Manufacture of other electrical equipment	2822
2811	Manufacture metal structures & parts	172
28110	Manufacture of engines and turbines, except aircraft, vehicle and cycle engines	262
2812	Manufacture builders' carpentry of metal	4
28120	Manufacture of fluid power equipment	199
28131	Manufacture of pumps	451
28132	Manufacture of compressors	127
28140	Manufacture of taps and valves	235
28150	Manufacture of bearings, gears, gearing and driving elements	232
2821	Manufacture tanks, etc. & metal containers	14
28210	Manufacture of ovens, furnaces and furnace burners	173
2822	Manufacture central heating rads & boilers	3
28220	Manufacture of lifting and handling equipment	811
28230	Manufacture of office machinery and equipment (except computers and peripheral equipment)	64
28240	Manufacture of power-driven hand tools	47
28250	Manufacture of non-domestic cooling and ventilation equipment	347
28290	Manufacture of other general-purpose machinery n.e.c.	1188
2830	Manufacture steam generators, not boilers	1
28301	Manufacture of agricultural tractors	38
28302	Manufacture of agricultural and forestry machinery other than tractors	349
2840	Forge press stamp & roll form metal	4
28410	Manufacture of metal forming machinery	190
28490	Manufacture of other machine tools	694
2851	Treatment and coat metals	18
2852	General mechanical engineering	294
2861	Manufacture of cutlery	5
2862	Manufacture of tools	28
2871	Manufacture steel drums, similar containers	2
2872	Manufacture of light metal packaging	7
2873	Manufacture of wire products	11
2874	Manufacture fasteners, screw, chains etc.	13
2875	Manufacture other fabricated metal products	249
28910	Manufacture of machinery for metallurgy	44
28921	Manufacture of machinery for mining	142
28922	Manufacture of earthmoving equipment	57
28923	Manufacture of equipment for concrete crushing and screening and roadworks	58
28930	Manufacture of machinery for food, beverage and tobacco processing	364
28940	Manufacture of machinery for textile, apparel and leather production	112
28950	Manufacture of machinery for paper and paperboard production	81
28960	Manufacture of plastics and rubber machinery	218
28990	Manufacture of other special-purpose machinery n.e.c.	3593
29100	Manufacture of motor vehicles	905
2911	Manufacture engines, not aircraft, etc.	6
2912	Manufacture of pumps & compressors	17
2913	Manufacture of taps and valves	3
29201	Manufacture of bodies (coachwork) for motor vehicles (except caravans)	608
29202	Manufacture of trailers and semi-trailers	216
29203	Manufacture of caravans	122
2921	Manufacture of furnaces & furnace burners	3
2922	Manufacture of lift & handling equipment	51
2923	Manufacture non-domestic ventilation	3
2924	Manufacture of other general machinery	61
2931	Manufacture of agricultural tractors	3
29310	Manufacture of electrical and electronic equipment for motor vehicles and their engines	250
2932	Manufacture other agric. & forestry machines	8
29320	Manufacture of other parts and accessories for motor vehicles	1406
2940	Manufacture of machine tools	27
2942	Manufacture of metalworking tools	3
2943	Manufacture of other machine tools not elsewhere classified	8
2952	Manufacture machines for mining, quarry etc.	20
2953	Manufacture for food, beverage & tobacco	4
2954	Manufacture for textile, apparel & leather	21
2955	Manufacture machinery for paper & board	1
2956	Manufacture other special purpose machine	32
2960	Manufacture of weapons & ammunition	2
2971	Manufacture of electric domestic appliances	9
3001	Manufacture of office machinery	2
3002	Manufacture computers & process equipment	27
30110	Building of ships and floating structures	406
30120	Building of pleasure and sporting boats	605
30200	Manufacture of railway locomotives and rolling stock	331
30300	Manufacture of air and spacecraft and related machinery	802
30400	Manufacture of military fighting vehicles	25
30910	Manufacture of motorcycles	94
30920	Manufacture of bicycles and invalid carriages	238
30990	Manufacture of other transport equipment n.e.c.	1045
31010	Manufacture of office and shop furniture	968
31020	Manufacture of kitchen furniture	1806
31030	Manufacture of mattresses	245
31090	Manufacture of other furniture	4918
3110	Manufacture electric motors, generators etc.	32
3120	Manufacture electricity distribution etc.	3
3130	Manufacture of insulated wire & cable	9
3140	Manufacture of accumulators, batteries etc.	1
3150	Manufacture lighting equipment & lamps	7
3161	Manufacture electric equipment, engines etc.	2
3162	Manufacture other electrical equipment	82
3210	Manufacture of electronic components	31
32110	Striking of coins	18
32120	Manufacture of jewellery and related articles	1702
32130	Manufacture of imitation jewellery and related articles	149
3220	Manufacture TV transmitters, telephony etc.	21
32200	Manufacture of musical instruments	318
3230	Manufacture TV & radio, sound or video etc.	17
32300	Manufacture of sports goods	982
32401	Manufacture of professional and arcade games and toys	95
32409	Manufacture of other games and toys, n.e.c.	712
32500	Manufacture of medical and dental instruments and supplies	1523
32910	Manufacture of brooms and brushes	58
32990	Other manufacturing n.e.c.	20516
3310	Manufacture medical, orthopaedic etc. equipment	10
33110	Repair of fabricated metal products	1070
33120	Repair of machinery	4306
33130	Repair of electronic and optical equipment	859
33140	Repair of electrical equipment	4415
33150	Repair and maintenance of ships and boats	1174
33160	Repair and maintenance of aircraft and spacecraft	2326
33170	Repair and maintenance of other transport equipment n.e.c.	3956
33190	Repair of other equipment	6694
3320	Manufacture instruments for measuring etc.	28
33200	Installation of industrial machinery and equipment	5152
3330	Manufacture indust process control equipment	5
3340	Manufacture optical, photographic etc. equipment	4
3350	Manufacture of watches and clocks	4
3410	Manufacture of motor vehicles	36
3420	Manufacture motor vehicle bodies etc.	17
3430	Manufacture motor vehicle & engine parts	19
3511	Building and repairing of ships	39
35110	Production of electricity	7713
3512	Build & repair pleasure & sport boats	8
35120	Transmission of electricity	453
35130	Distribution of electricity	868
35140	Trade of electricity	2005
3520	Manufacture of railway locomotives & stock	8
35210	Manufacture of gas	204
35220	Distribution of gaseous fuels through mains	329
35230	Trade of gas through mains	415
3530	Manufacture of aircraft & spacecraft	12
35300	Steam and air conditioning supply	1205
3541	Manufacture of motorcycles	3
3542	Manufacture of bicycles	1
3550	Manufacture other transport equipment	8
36000	Water collection, treatment and supply	1453
3611	Manufacture of chairs and seats	38
3612	Manufacture other office & shop furniture	31
3613	Manufacture of other kitchen furniture	14
3614	Manufacture of other furniture	89
3615	Manufacture of mattresses	8
3621	Striking of coins and medals	1
3622	Manufacture of jewellery & related	9
3630	Manufacture of musical instruments	1
3640	Manufacture of sports goods	5
3650	Manufacture of games and toys	9
3662	Manufacture of brooms and brushes	1
3663	Other manufacturing	245
37000	Sewerage	798
3710	Recycling of metal waste and scrap	23
3720	Recycling non-metal waste & scrap	51
38110	Collection of non-hazardous waste	3593
38120	Collection of hazardous waste	425
38210	Treatment and disposal of non-hazardous waste	1875
38220	Treatment and disposal of hazardous waste	420
38310	Dismantling of wrecks	202
38320	Recovery of sorted materials	2559
39000	Remediation activities and other waste management services	2649
4010	Production	14
4011	Production of electricity	8
4012	Transmission of electricity	1
4013	Distribution & trade in electricity	7
4020	Mfr of gas; mains distribution	4
4022	Distribution & trade of gaseous fuels through mains	2
4030	Steam and hot water supply	3
4100	Collection, purify etc. of water	9
41100	Development of building projects	71095
41201	Construction of commercial buildings	20948
41202	Construction of domestic buildings	42025
42110	Construction of roads and motorways	3039
42120	Construction of railways and underground railways	3408
42130	Construction of bridges and tunnels	490
42210	Construction of utility projects for fluids	773
42220	Construction of utility projects for electricity and telecommunications	1461
42910	Construction of water projects	976
42990	Construction of other civil engineering projects n.e.c.	16953
43110	Demolition	1416
43120	Site preparation	3406
43130	Test drilling and boring	522
43210	Electrical installation	35197
43220	Plumbing, heat and air-conditioning installation	27030
43290	Other construction installation	17171
43310	Plastering	5375
43320	Joinery installation	14806
43330	Floor and wall covering	7337
43341	Painting	8971
43342	Glazing	5644
43390	Other building completion and finishing	34863
43910	Roofing activities	7794
43991	Scaffold erection	3473
43999	Other specialised construction activities n.e.c.	45911
4511	Demolition buildings; earth moving	78
45111	Sale of new cars and light motor vehicles	4112
45112	Sale of used cars and light motor vehicles	14785
4512	Test drilling and boring	9
45190	Sale of other motor vehicles	2840
45200	Maintenance and repair of motor vehicles	30057
4521	Gen construction & civil engineer	2219
4522	Erection of roof covering & frames	134
4523	Construction roads, airfields etc.	42
4524	Construction of water projects	13
4525	Other special trades construction	637
4531	Installation electrical wiring etc.	429
45310	Wholesale trade of motor vehicle parts and accessories	3923
4532	Insulation work activities	58
45320	Retail trade of motor vehicle parts and accessories	6457
4533	Plumbing	340
4534	Other building installation	316
45400	Sale, maintenance and repair of motorcycles and related parts and accessories	2261
4541	Plastering	71
4542	Joinery installation	207
4543	Floor and wall covering	104
4544	Painting and glazing	253
4545	Other building completion	376
4550	Rent construction equipment with operator	87
46110	Agents selling agricultural raw materials, livestock, textile raw materials and semi-finished goods	713
46120	Agents involved in the sale of fuels, ores, metals and industrial chemicals	1239
46130	Agents involved in the sale of timber and building materials	2440
46140	Agents involved in the sale of machinery, industrial equipment, ships and aircraft	3346
46150	Agents involved in the sale of furniture, household goods, hardware and ironmongery	1645
46160	Agents involved in the sale of textiles, clothing, fur, footwear and leather goods	2848
46170	Agents involved in the sale of food, beverages and tobacco	2104
46180	Agents specialized in the sale of other particular products	6194
46190	Agents involved in the sale of a variety of goods	6107
46210	Wholesale of grain, unmanufactured tobacco, seeds and animal feeds	633
46220	Wholesale of flowers and plants	903
46230	Wholesale of live animals	145
46240	Wholesale of hides, skins and leather	167
46310	Wholesale of fruit and vegetables	2432
46320	Wholesale of meat and meat products	2787
46330	Wholesale of dairy products, eggs and edible oils and fats	967
46341	Wholesale of fruit and vegetable juices, mineral water and soft drinks	900
46342	Wholesale of wine, beer, spirits and other alcoholic beverages	3571
46350	Wholesale of tobacco products	180
46360	Wholesale of sugar and chocolate and sugar confectionery	614
46370	Wholesale of coffee, tea, cocoa and spices	1125
46380	Wholesale of other food, including fish, crustaceans and molluscs	1868
46390	Non-specialised wholesale of food, beverages and tobacco	2287
46410	Wholesale of textiles	2529
46420	Wholesale of clothing and footwear	6612
46431	Wholesale of audio tapes, records, CDs and video tapes and the equipment on which these are played	259
46439	Wholesale of radio, television goods & electrical household appliances (other than records, tapes, CD's & video tapes and the equipment used for playing them)	1091
46440	Wholesale of china and glassware and cleaning materials	362
46450	Wholesale of perfume and cosmetics	2104
46460	Wholesale of pharmaceutical goods	2310
46470	Wholesale of furniture, carpets and lighting equipment	1602
46480	Wholesale of watches and jewellery	1321
46491	Wholesale of musical instruments	151
46499	Wholesale of household goods (other than musical instruments) n.e.c.	3236
46510	Wholesale of computers, computer peripheral equipment and software	1769
46520	Wholesale of electronic and telecommunications equipment and parts	3208
46610	Wholesale of agricultural machinery, equipment and supplies	944
46620	Wholesale of machine tools	777
46630	Wholesale of mining, construction and civil engineering machinery	448
46640	Wholesale of machinery for the textile industry and of sewing and knitting machines	89
46650	Wholesale of office furniture	430
46660	Wholesale of other office machinery and equipment	802
46690	Wholesale of other machinery and equipment	3558
46711	Wholesale of petroleum and petroleum products	500
46719	Wholesale of other fuels and related products	808
46720	Wholesale of metals and metal ores	1398
46730	Wholesale of wood, construction materials and sanitary equipment	1959
46740	Wholesale of hardware, plumbing and heating equipment and supplies	2331
46750	Wholesale of chemical products	1584
46760	Wholesale of other intermediate products	2767
46770	Wholesale of waste and scrap	862
46900	Non-specialised wholesale trade	18257
47110	Retail sale in non-specialised stores with food, beverages or tobacco predominating	14442
47190	Other retail sale in non-specialised stores	15431
47210	Retail sale of fruit and vegetables in specialised stores	1675
47220	Retail sale of meat and meat products in specialised stores	2976
47230	Retail sale of fish, crustaceans and molluscs in specialised stores	911
47240	Retail sale of bread, cakes, flour confectionery and sugar confectionery in specialised stores	2555
47250	Retail sale of beverages in specialised stores	2618
47260	Retail sale of tobacco products in specialised stores	968
47290	Other retail sale of food in specialised stores	4480
47300	Retail sale of automotive fuel in specialised stores	1888
47410	Retail sale of computers, peripheral units and software in specialised stores	1886
47421	Retail sale of mobile telephones	1310
47429	Retail sale of telecommunications equipment other than mobile telephones	847
47430	Retail sale of audio and video equipment in specialised stores	1008
47510	Retail sale of textiles in specialised stores	2559
47520	Retail sale of hardware, paints and glass in specialised stores	2699
47530	Retail sale of carpets, rugs, wall and floor coverings in specialised stores	3663
47540	Retail sale of electrical household appliances in specialised stores	2444
47591	Retail sale of musical instruments and scores	697
47599	Retail of furniture, lighting, and similar (not musical instruments or scores) in specialised store	7706
47610	Retail sale of books in specialised stores	1085
47620	Retail sale of newspapers and stationery in specialised stores	1960
47630	Retail sale of music and video recordings in specialised stores	353
47640	Retail sale of sports goods, fishing gear, camping goods, boats and bicycles	4709
47650	Retail sale of games and toys in specialised stores	1190
47710	Retail sale of clothing in specialised stores	13566
47721	Retail sale of footwear in specialised stores	2321
47722	Retail sale of leather goods in specialised stores	793
47730	Dispensing chemist in specialised stores	3996
47741	Retail sale of hearing aids	203
47749	Retail sale of medical and orthopaedic goods in specialised stores (not incl. hearing aids) n.e.c.	1753
47750	Retail sale of cosmetic and toilet articles in specialised stores	2609
47760	Retail sale of flowers, plants, seeds, fertilizers, pet animals and pet food in specialised stores	3232
47770	Retail sale of watches and jewellery in specialised stores	3707
47781	Retail sale in commercial art galleries	1201
47782	Retail sale by opticians	2077
47789	Other retail sale of new goods in specialised stores (not commercial art galleries and opticians)	10926
47791	Retail sale of antiques including antique books in stores	1607
47799	Retail sale of other second-hand goods in stores (not incl. antiques)	2130
47810	Retail sale via stalls and markets of food, beverages and tobacco products	790
47820	Retail sale via stalls and markets of textiles, clothing and footwear	1378
47890	Retail sale via stalls and markets of other goods	2749
47910	Retail sale via mail order houses or via Internet	35790
47990	Other retail sale not in stores, stalls or markets	24601
49100	Passenger rail transport, interurban	693
49200	Freight rail transport	366
49311	Urban and suburban passenger railway transportation by underground, metro and similar systems	196
49319	Other urban, suburban or metropolitan passenger land transport (not underground, metro or similar)	991
49320	Taxi operation	8276
49390	Other passenger land transport	5434
49410	Freight transport by road	50433
49420	Removal services	2176
49500	Transport via pipeline	95
5010	Sale of motor vehicles	397
50100	Sea and coastal passenger water transport	922
5020	Maintenance & repair of motors	170
50200	Sea and coastal freight water transport	2419
5030	Sale of motor vehicle parts etc.	92
50300	Inland passenger water transport	457
5040	Sale, repair etc. m'cycles & parts	9
50400	Inland freight water transport	169
5050	Retail sale of automotive fuel	43
51101	Scheduled passenger air transport	720
51102	Non-scheduled passenger air transport	1846
5111	Agents agricultural & textile raw materials	11
5112	Agents in sale of fuels, ores, etc.	7
5113	Agents in building materials	53
5114	Agents in industrial equipment, etc.	64
5115	Agents in household goods, etc.	12
5116	Agents in textiles, footwear etc.	7
5117	Agents in food, drink & tobacco	21
5118	Agents in particular products	25
5119	Agents in sale of variety of goods	38
5121	Wholesale of grain, animal feeds	3
51210	Freight air transport	1236
5122	Wholesale of flowers and plants	10
51220	Space transport	58
5124	Wholesale hides, skins and leather	2
5131	Wholesale of fruit and vegetables	19
5132	Wholesale of meat and meat products	70
5133	Wholesale dairy products	8
5134	Wholesale of alcohol and other drinks	67
5135	Wholesale of tobacco products	1
5136	Wholesale sugar, chocolate etc.	4
5137	Wholesale coffee, tea, cocoa etc.	3
5138	Wholesale other food inc fish, etc.	26
5139	Non-specialised wholesale food, etc.	69
5141	Wholesale of textiles	48
5142	Wholesale of clothing and footwear	119
5143	Wholesale electric household goods	102
5144	Wholesale of china, wallpaper etc.	17
5145	Wholesale of perfume and cosmetics	9
5146	Wholesale of pharmaceutical goods	13
5147	Wholesale of other household goods	96
5151	Wholesale fuels & related products	15
5152	Wholesale of metals and metal ores	17
5153	Wholesale wood, construction etc.	22
5154	Wholesale hardware, plumbing etc.	16
5155	Wholesale of chemical products	5
5156	Wholesale other intermediate goods	32
5157	Wholesale of waste and scrap	24
5164	Wholesale office machinery & equip	5
5165	Wholesale machines	2
5170	Other wholesale	11
5181	Wholesale of machine tools	1
5182	Wholesale of mining, construction & civil engineering machinery	5
5184	Wholesale of computers, computer peripheral equipment & software	46
5185	Wholesale of other office machinery & equipment	12
5186	Wholesale of other electronic parts & equipment	46
5187	Wholesale of other machinery for use in industry, trade & navigation	8
5188	Wholesale of agricultural machinery & accessories & implements, including tractors	3
5190	Other wholesale	438
52101	Operation of warehousing and storage facilities for water transport activities	319
52102	Operation of warehousing and storage facilities for air transport activities	245
52103	Operation of warehousing and storage facilities for land transport activities	8758
5211	Retail in non-specialised stores holding an alcohol licence, with food, beverages or tobacco predominating, not elsewhere classified	48
5212	Other retail non-specialised stores	122
5221	Retail of fruit and vegetables	12
52211	Operation of rail freight terminals	35
52212	Operation of rail passenger facilities at railway stations	91
52213	Operation of bus and coach passenger facilities at bus and coach stations	90
52219	Other service activities incidental to land transportation, n.e.c.	2448
5222	Retail of meat and meat products	20
52220	Service activities incidental to water transportation	794
5223	Retail of fish, crustaceans etc.	11
52230	Service activities incidental to air transportation	1265
5224	Retail bread, cakes, confectionery	22
52241	Cargo handling for water transport activities	463
52242	Cargo handling for air transport activities	498
52243	Cargo handling for land transport activities	702
5225	Retail alcoholic & other beverages	41
5226	Retail sale of tobacco products	17
5227	Other retail food etc. specialised	38
52290	Other transportation support activities	7693
5231	Dispensing chemists	23
5232	Retail medical & orthopaedic goods	11
5233	Retail cosmetic & toilet articles	7
5241	Retail sale of textiles	14
5242	Retail sale of clothing	177
5243	Retail of footwear & leather goods	46
5244	Retail furniture household etc	151
5245	Retail electric h'hold, etc. goods	99
5246	Retail hardware, paints & glass	32
5247	Retail books, newspapers etc.	28
5248	Other retail specialist stores	188
5250	Retail other secondhand goods	17
5261	Retail sale via mail order houses	29
5262	Retail sale via stalls and markets	2
5263	Other non-store retail sale	74
5271	Repair boots, shoes, leather goods	2
5272	Repair electrical household goods	11
5273	Repair of clocks & jewellery	3
5274	Repair not elsewhere classified	36
53100	Postal activities under universal service obligation	1627
53201	Licensed carriers	3208
53202	Unlicensed carrier	4696
5510	Hotels & motels with or without restaurant	208
55100	Hotels and similar accommodation	11012
5511	Hotels & motels	3
55201	Holiday centres and villages	457
55202	Youth hostels	209
55209	Other holiday and other collective accommodation	2873
5521	Youth hostels and mountain refuges	2
5522	Camp sites, including caravan sites	7
5523	Other provision of lodgings	15
5530	Restaurants	473
55300	Recreational vehicle parks, trailer parks and camping grounds	1653
5540	Bars	416
5551	Canteens	4
5552	Catering	109
55900	Other accommodation	9656
56101	Licensed restaurants	30071
56102	Unlicensed restaurants and cafes	15144
56103	Take-away food shops and mobile food stands	24952
56210	Event catering activities	9775
56290	Other food services	15094
56301	Licensed clubs	1919
56302	Public houses and bars	21913
58110	Book publishing	6348
58120	Publishing of directories and mailing lists	392
58130	Publishing of newspapers	973
58141	Publishing of learned journals	653
58142	Publishing of  consumer and business journals and periodicals	3147
58190	Other publishing activities	10924
58210	Publishing of computer games	998
58290	Other software publishing	4041
59111	Motion picture production activities	13512
59112	Video production activities	11100
59113	Television programme production activities	11752
59120	Motion picture, video and television programme post-production activities	3947
59131	Motion picture distribution activities	1028
59132	Video distribution activities	829
59133	Television programme distribution activities	665
59140	Motion picture projection activities	500
59200	Sound recording and music publishing activities	11167
6010	Transport via railways	16
60100	Radio broadcasting	1651
60200	Television programming and broadcasting activities	3130
6021	Other scheduled passenger land transport	22
6022	Taxi operation	69
6023	Other passenger land transport	35
6024	Freight transport by road	410
6030	Transport via pipelines	1
6110	Sea and coastal water transport	17
61100	Wired telecommunications activities	3240
6120	Inland water transport	5
61200	Wireless telecommunications activities	3598
61300	Satellite telecommunications activities	918
61900	Other telecommunications activities	11860
62011	Ready-made interactive leisure and entertainment software development	6107
62012	Business and domestic software development	40736
62020	Information technology consultancy activities	130882
62030	Computer facilities management activities	5634
62090	Other information technology service activities	64793
6210	Scheduled air transport	17
6220	Non-scheduled air transport	17
6311	Cargo handling	12
63110	Data processing, hosting and related activities	7913
6312	Storage & warehousing	100
63120	Web portals	7177
6321	Other supporting land transport	19
6322	Other supporting water transport	8
6323	Other supporting air transport	13
6330	Travel agencies etc; tourist	80
6340	Other transport agencies	64
63910	News agency activities	873
63990	Other information service activities n.e.c.	22882
6411	National post activities	16
64110	Central banking	193
6412	Courier other than national post	33
64191	Banks	1919
64192	Building societies	100
6420	Telecommunications	199
64201	Activities of agricultural holding companies	270
64202	Activities of production holding companies	946
64203	Activities of construction holding companies	1214
64204	Activities of distribution holding companies	566
64205	Activities of financial services holding companies	3945
64209	Activities of other holding companies n.e.c.	20615
64301	Activities of investment trusts	1127
64302	Activities of unit trusts	113
64303	Activities of venture and development capital companies	1946
64304	Activities of open-ended investment companies	1420
64305	Activities of property unit trusts	181
64306	Activities of real estate investment trusts	584
64910	Financial leasing	1516
64921	Credit granting by non-deposit taking finance houses and other specialist consumer credit grantors	1080
64922	Activities of mortgage finance companies	1624
64929	Other credit granting n.e.c.	1534
64991	Security dealing on own account	1763
64992	Factoring	268
64999	Financial intermediation not elsewhere classified	29264
6511	Central banking	7
65110	Life insurance	2560
6512	Other monetary intermediation	49
65120	Non-life insurance	5760
65201	Life reinsurance	818
65202	Non-life reinsurance	1688
6521	Financial leasing	21
6522	Other credit granting	26
6523	Other financial intermediation	295
65300	Pension funding	1649
6601	Life insurance/reinsurance	56
6602	Pension funding	4
6603	Non-life insurance/reinsurance	57
66110	Administration of financial markets	1601
66120	Security and commodity contracts dealing activities	1448
66190	Activities auxiliary to financial intermediation n.e.c.	7846
66210	Risk and damage evaluation	996
66220	Activities of insurance agents and brokers	6179
66290	Other activities auxiliary to insurance and pension funding	4322
66300	Fund management activities	3237
6711	Administration of financial markets	8
6712	Security broking & fund management	17
6713	Auxiliary financial intermed	15
6720	Auxiliary insurance & pension fund	3
68100	Buying and selling of own real estate	59231
68201	Renting and operating of Housing Association real estate	7088
68202	Letting and operating of conference and exhibition centres	519
68209	Other letting and operating of own or leased real estate	110472
68310	Real estate agencies	20067
68320	Management of real estate on a fee or contract basis	47226
69101	Barristers at law	568
69102	Solicitors	9727
69109	Activities of patent and copyright agents; other legal activities n.e.c.	5787
69201	Accounting and auditing activities	36107
69202	Bookkeeping activities	16503
69203	Tax consultancy	8554
70100	Activities of head offices	35386
7011	Development & sell real estate	1397
7012	Buying & sell own real estate	314
7020	Letting of own property	536
70210	Public relations and communications activities	8026
70221	Financial management	14781
70229	Management consultancy activities other than financial management	173989
7031	Real estate agencies	124
7032	Manage real estate, fee or contract	182
7110	Renting of automobiles	27
71111	Architectural activities	15874
71112	Urban planning and landscape architectural activities	2340
71121	Engineering design activities for industrial process and production	7793
71122	Engineering related scientific and technical consulting activities	14611
71129	Other engineering activities	26348
71200	Technical testing and analysis	6045
7121	Rent other land transport equipment	5
7122	Rent water transport equipment	4
7123	Renting of air transport equipment	1
7131	Rent agricultural machinery & equip	7
7132	Rent civil engineering machinery	11
7133	Rent office machinery inc computers	18
7134	Rent other machinery & equip	50
7140	Rent personal & household goods	6
7210	Hardware consultancy	106
72110	Research and experimental development on biotechnology	2737
72190	Other research and experimental development on natural sciences and engineering	7559
7220	Software consultancy and supply	364
72200	Research and experimental development on social sciences and humanities	1705
7221	Software publishing	38
7222	Other software consultancy and supply	250
7230	Data processing	16
7240	Data base activities	34
7250	Maintenance office & computing mach	56
7260	Other computer related activities	431
7310	R & d on nat sciences & engineering	55
73110	Advertising agencies	18519
73120	Media representation services	7802
7320	R & d on soc sciences & humanities	3
73200	Market research and public opinion polling	5028
74100	specialised design activities	22083
7411	Legal activities	93
7412	Accounting, auditing; tax consult	144
7413	Market research, opinion polling	21
7414	Business & management consultancy	693
7415	Holding Companies including Head Offices	569
7420	Architectural, technical consult	226
74201	Portrait photographic activities	2337
74202	Other specialist photography	3406
74203	Film processing	266
74209	Photographic activities not elsewhere classified	3710
7430	Technical testing and analysis	24
74300	Translation and interpretation activities	2410
7440	Advertising	162
7450	Labour recruitment	307
7460	Investigation & security	96
7470	Other cleaning activities	92
7481	Portrait photographic activities, other specialist photography, film processing	45
7482	Packaging activities	27
7483	Secretarial & translation	6
7484	Other business activities	43
7485	Secretarial & translation services	6
7486	Call centre activities	26
7487	Other business activities	4084
74901	Environmental consulting activities	6298
74902	Quantity surveying activities	5486
74909	Other professional, scientific and technical activities n.e.c.	78458
7499	Non-trading company	1769
74990	Non-trading company	81245
75000	Veterinary activities	4527
7511	General (overall) public service	7
7512	Regulation health, education, etc.	5
7514	Support services for government	6
7521	Foreign affairs	1
7522	Defence activities	4
7523	Justice and judicial activities	4
7524	Public security, law & order	11
7525	Fire service activities	7
7530	Compulsory social security	1
77110	Renting and leasing of cars and light motor vehicles	4867
77120	Renting and leasing of trucks and other heavy vehicles	1045
77210	Renting and leasing of recreational and sports goods	669
77220	Renting of video tapes and disks	21
77291	Renting and leasing of media entertainment equipment	831
77299	Renting and leasing of other personal and household goods	552
77310	Renting and leasing of agricultural machinery and equipment	409
77320	Renting and leasing of construction and civil engineering machinery and equipment	3077
77330	Renting and leasing of office machinery and equipment (including computers)	659
77341	Renting and leasing of passenger water transport equipment	256
77342	Renting and leasing of freight water transport equipment	76
77351	Renting and leasing of air passenger transport equipment	349
77352	Renting and leasing of freight air transport equipment	28
77390	Renting and leasing of other machinery, equipment and tangible goods n.e.c.	5399
77400	Leasing of intellectual property and similar products, except copyright works	999
78101	Motion picture, television and other theatrical casting activities	541
78109	Other activities of employment placement agencies	19685
78200	Temporary employment agency activities	12698
78300	Human resources provision and management of human resources functions	8982
79110	Travel agency activities	6972
79120	Tour operator activities	4192
79901	Activities of tourist guides	1153
79909	Other reservation service activities n.e.c.	3904
8010	Primary education	21
80100	Private security activities	8075
80200	Security systems service activities	5682
8021	General secondary education	29
8022	Technical & vocational secondary	8
8030	Higher education	23
80300	Investigation activities	2059
8041	Driving school activities	7
8042	Adult and other education	103
81100	Combined facilities support activities	6823
81210	General cleaning of buildings	6758
81221	Window cleaning services	1612
81222	Specialised cleaning services	2787
81223	Furnace and chimney cleaning services	196
81229	Other building and industrial cleaning activities	1575
81291	Disinfecting and exterminating services	517
81299	Other cleaning services	5482
81300	Landscape service activities	10444
82110	Combined office administrative service activities	11608
82190	Photocopying, document preparation and other specialised office support activities	1509
82200	Activities of call centres	1463
82301	Activities of exhibition and fair organisers	2007
82302	Activities of conference organisers	2048
82911	Activities of collection agencies	552
82912	Activities of credit bureaus	62
82920	Packaging activities	1350
82990	Other business support service activities n.e.c.	271914
84110	General public administration activities	1338
84120	Regulation of health care, education, cultural and other social services, not incl. social security	813
84130	Regulation of and contribution to more efficient operation of businesses	360
84210	Foreign affairs	91
84220	Defence activities	766
84230	Justice and judicial activities	247
84240	Public order and safety activities	1581
84250	Fire service activities	704
84300	Compulsory social security activities	39
85100	Pre-primary education	7008
8511	Hospital activities	26
8512	Medical practice activities	35
8513	Dental practice activities	11
8514	Other human health activities	108
8520	Veterinary activities	1
85200	Primary education	5642
8531	Social work with accommodation	44
85310	General secondary education	7087
8532	Social work without accommodation	43
85320	Technical and vocational secondary education	4414
85410	Post-secondary non-tertiary education	1416
85421	First-degree level higher education	1405
85422	Post-graduate level higher education	1569
85510	Sports and recreation education	3866
85520	Cultural education	4068
85530	Driving school activities	1540
85590	Other education n.e.c.	27536
85600	Educational support services	15469
86101	Hospital activities	20765
86102	Medical nursing home activities	5146
86210	General medical practice activities	19445
8622	Unit and investment trusts	1
86220	Specialists medical practice activities	15612
86230	Dental practice activities	9851
86900	Other human health activities	63007
87100	Residential nursing care facilities	3648
87200	Residential care activities for learning difficulties, mental health and substance abuse	2743
87300	Residential care activities for the elderly and disabled	5170
87900	Other residential care activities n.e.c.	4123
88100	Social work activities without accommodation for the elderly and disabled	5363
88910	Child day-care activities	3754
88990	Other social work activities without accommodation n.e.c.	19834
9000	Refuse disposal	3
9001	Collection and treatment of sewage	1
90010	Performing arts	11393
9002	Collection and treatment of other waste	10
90020	Support activities to performing arts	10230
9003	Sanitation remediation and similar activities	2
90030	Artistic creation	24062
90040	Operation of arts facilities	4021
91011	Library activities	477
91012	Archives activities	619
91020	Museums activities	1251
91030	Operation of historical sites and buildings and similar visitor attractions	1135
91040	Botanical and zoological gardens and nature reserves activities	411
9111	Business & employers organisations	8
9112	Professional organisations	24
9120	Trade unions	4
9131	Religious organisations	8
9133	Other membership organisations	20
92000	Gambling and betting activities	2093
9211	Motion picture and video production	55
9212	Motion picture & video distribution	13
9213	Motion picture projection	9
9220	Radio and television activities	32
9231	Artistic & literary creation etc	129
9232	Operation of arts facilities	9
9233	Fair and amusement park activities	4
9234	Other entertainment activities	86
9240	News agency activities	5
9251	Library and archives activities	3
9252	Museum & preservation of history	8
9253	Botanical, zoos & nature reserves	2
9261	Operate sports arenas & stadiums	59
9262	Other sporting activities	57
9271	Gambling and betting activities	31
9272	Other recreational activities nec	83
9301	Wash & dry clean textile & fur	20
9302	Hairdressing & other beauty treatment	87
9303	Funeral and related activities	5
9304	Physical well-being activities	13
9305	Other service activities n.e.c.	864
93110	Operation of sports facilities	5037
93120	Activities of sport clubs	6688
93130	Fitness facilities	6052
93191	Activities of racehorse owners	356
93199	Other sports activities	17535
93210	Activities of amusement parks and theme parks	552
93290	Other amusement and recreation activities n.e.c.	15000
94110	Activities of business and employers membership organizations	2295
94120	Activities of professional membership organizations	2698
94200	Activities of trade unions	96
94910	Activities of religious organizations	4559
94920	Activities of political organizations	246
94990	Activities of other membership organizations n.e.c.	10107
9500	Private households with employees	11
95110	Repair of computers and peripheral equipment	4302
95120	Repair of communication equipment	585
95210	Repair of consumer electronics	615
95220	Repair of household appliances and home and garden equipment	1023
95230	Repair of footwear and leather goods	252
95240	Repair of furniture and home furnishings	627
95250	Repair of watches, clocks and jewellery	433
95290	Repair of personal and household goods n.e.c.	545
9600	Undifferentiated goods producing activities of private households for own use	4
96010	Washing and (dry-)cleaning of textile and fur products	2772
96020	Hairdressing and other beauty treatment	25476
96030	Funeral and related activities	2154
96040	Physical well-being activities	5584
96090	Other service activities n.e.c.	116169
9700	Undifferentiated services producing activities of private households for own use	2
97000	Activities of households as employers of domestic personnel	1205
9800	Residents property management	42
98000	Residents property management	80100
98100	Undifferentiated goods-producing activities of private households for own use	834
98200	Undifferentiated service-producing activities of private households for own use	970
9900	Extra-territorial organisations	5
99000	Activities of extraterritorial organizations and bodies	1371
9999	Dormant company	311
99999	Dormant Company	167112
