industrial-classification	parent-industrial-classification	name	name-cy	start-date	end-date
01	A	Crop and animal production, hunting and related service activities			
011	01	Growing of non-perennial crops			
01110	011	Growing of cereals (except rice), leguminous crops and oil seeds	Tyfu grawn (ac eithrio reis), cnydau o godlysiau ac olew had		
01120	011	Growing of rice	Tyfu reis		
01130	011	Growing of vegetables and melons, roots and tubers	Tyfu llysiau a melonau,gwreiddlysiau a chloron		
01140	011	Growing of sugar cane	Tyfu câns siwgr		
01150	011	Growing of tobacco	Tyfu tybaco		
01160	011	Growing of fibre crops	Tyfu cnydau ffibrog		
01190	011	Growing of other non-perennial crops	Tyfu cnydau eraill nad ydynt yn gnydau lluosflwydd		
012	01	Growing of perennial crops			
01210	012	Growing of grapes	Tyfu grawnwin		
01220	012	Growing of tropical and subtropical fruits	Tyfu ffrwythau trofannol ac isdrofannol		
01230	012	Growing of citrus fruits	Tyfu ffrwythau sitrws		
01240	012	Growing of pome fruits and stone fruits	Tyfu ffrwythau o deulu'r afal a ffrwythau carreg		
01250	012	Growing of other tree and bush fruits and nuts	Tyfu cnau a ffrwythau coed a pherth eraill		
01260	012	Growing of oleaginous fruits	Tyfu ffrwythau olewaidd		
01270	012	Growing of beverage crops	Tyfu cnydau gwneud diodydd		
01280	012	Growing of spices, aromatic, drug and pharmaceutical crops	Tyfu cnydau sbeis, aromatig, cyffuriau a fferyllol		
01290	012	Growing of other perennial crops	Tyfu cnydau lluosflwydd eraill		
013	01	Plant propagation			
01300	013	Plant propagation	Epilio planhigion		
014	01	Animal production			
01410	014	Raising of dairy cattle	Magu gwartheg godro		
01420	014	Raising of other cattle and buffaloes	Magu gwartheg eraill a byfflos		
01430	014	Raising of horses and other equines	Magu ceffylau ac anifeiliaid eraill o deulu'r ceffyl		
01440	014	Raising of camels and camelids	Magu camelod a chamelidau		
01450	014	Raising of sheep and  goats	Magu defaid a geifr		
01460	014	Raising of swine/pigs	Magu moch/anifeiliaid o deulu'r mochyn		
01470	014	Raising of poultry	Magu dofednod		
01490	014	Raising of other animals	Magu anifeiliaid eraill		
015	01	Mixed farming			
01500	015	Mixed farming	Ffermio cymysg		
016	01	Support activities to agriculture and post-harvest crop activities			
01610	016	Support activities for crop production	Gweithgareddau cynorthwyol ym maes cynhyrchu cnydau		
01620	016	Support activities for animal production			
01621	01620	Farm animal boarding and care	Lletya a gofalu am anifeiliaid fferm		
01629	01620	Support activities for animal production (other than farm animal boarding and care) not elsewhere classified	Gweithgareddau cynorthwyol ym maes magu anifeiliaid (ac eithrio lletya a gofalu am anifeiliaid fferm) n.dd.b.		
01630	016	Post-harvest crop activities	Gweithgareddau yn sgil cynaeafu cnydau		
01640	016	Seed processing for propagation	Prosesu hadau i'w hepilio		
017	01	Hunting, trapping and related service activities			
01700	017	Hunting, trapping and related service activities	Hela, maglu a gweithgareddau'r gwasanaethau cysylltiedig		
02	A	Forestry and logging			
021	02	Silviculture and other forestry activities			
02100	021	Silviculture and other forestry activities	Tyfu coed a gweithgareddau coedwigaeth eraill		
022	02	Logging			
02200	022	Logging	Torri coed yn foncyffion		
023	02	Gathering of wild growing non-wood products			
02300	023	Gathering of wild growing non-wood products	Casglu cynnyrch sy'n tyfu'n wyllt heblaw pren		
024	02	Support services to forestry			
02400	024	Support services to forestry	Gwasanaethau cynorthwyol ym maes coedwigaeth		
03	A	Fishing and aquaculture			
031	03	Fishing			
03110	031	Marine fishing	Pysgota morol		
03120	031	Freshwater fishing	Pysgota dŵr croyw		
032	03	Aquaculture			
03210	032	Marine aquaculture	Acwafeithrin morol		
03220	032	Freshwater aquaculture	Acwafeithrin mewn dŵr croyw		
05	B	Mining of coal and lignite			
051	05	Mining of hard coal			
05100	051	Mining of hard coal			
05101	05100	Deep coal mines	Pyllau glo dwfn		
05102	05100	Open cast coal working	Cloddfeydd glo brig		
052	05	Mining of lignite			
05200	052	Mining of lignite	Mwyngloddio coedlo (lignit)		
06	B	Extraction of crude petroleum and natural gas			
061	06	Extraction of crude petroleum			
06100	061	Extraction of crude petroleum	Echdynnu petrolewm crai		
062	06	Extraction of natural gas			
06200	062	Extraction of natural gas	Echdynnu nwyon naturiol		
07	B	Mining of metal ores			
071	07	Mining of iron ores			
07100	071	Mining of iron ores	Mwyngloddio mwynau haearn		
072	07	Mining of non-ferrous metal ores			
07210	072	Mining of uranium and thorium ores	Mwyngloddio mwynau wraniwm a thoriwm		
07290	072	Mining of other non-ferrous metal ores	Mwyngloddio mwynau metel anfferrus eraill		
08	B	Other mining and quarrying			
081	08	Quarrying of stone, sand and clay			
08110	081	Quarrying of ornamental and building stone, limestone, gypsum, chalk and slate	Chwarela cerrig addurnol a cherrig adeiladu, calchfaen, gypswm, sialc a llechi		
08120	081	Operation of gravel and sand pits; mining of clays and kaolin	Gweithredu pyllau graean a thywod; mwyngloddio clai a chaolin		
089	08	Mining and quarrying not elsewhere classified			
08910	089	Mining of chemical and fertilizer minerals	Mwyngloddio mwynau cemegol a gwrteithio		
08920	089	Extraction of peat	Echdynnu mawn		
08930	089	Extraction of salt	Echdynnu halen		
08990	089	Other mining and quarrying not elsewhere classified	Gweithgareddau mwyngloddio a chwarela eraill n.dd.b.		
09	B	Mining support service activities			
091	09	Support activities for petroleum and natural gas extraction			
09100	091	Support activities for petroleum and natural gas mining	Gweithgareddau cynorthwyol ym maes mwyngloddio petrolewm a nwy naturiol		
099	09	Support activities for other mining and quarrying			
09900	099	Support activities for other mining and quarrying	Gweithgareddau cynorthwyol mwyngloddio a chwarela arall		
10	C	Manufacture of food products			
101	10	Processing and preserving of meat and production of meat products			
10110	101	Processing and preserving of meat	Prosesu a chyffeithio cig		
10120	101	Processing and preserving of poultry meat	Prosesu a chyffeithio cig dofednod		
10130	101	Production of meat and poultry meat products	Cynhyrchu cynhyrchion cig a dofednod		
102	10	Processing and preserving of fish, crustaceans and molluscs			
10200	102	Processing and preserving of fish, crustaceans and molluscs	Prosesu a chyffeithio pysgod, cramenogion a molysgiaid		
103	10	Processing and preserving of fruit and vegetables			
10310	103	Processing and preserving of potatoes	Prosesu a chyffeithio tatws		
10320	103	Manufacture of fruit and vegetable juice	Gweithgynhyrchu sudd ffrwythau a llysiau		
10390	103	Other processing and preserving of fruit and vegetables	Prosesu a chyffeithio ffrwythau a llysiau at ddibenion eraill		
104	10	Manufacture of vegetable and animal oils and fats			
10410	104	Manufacture of oils and fats	Gweithgynhyrchu olewon a brasterau		
10420	104	Manufacture of margarine and similar edible fats	Gweithgynhyrchu margarin a brasterau bwytadwy tebyg		
105	10	Manufacture of dairy products			
10510	105	Operation of dairies and cheese making			
10511	10510	Liquid milk and cream production	Cynhyrchu llaeth a hufen hylifol		
10512	10510	Butter and cheese production	Cynhyrchu menyn a chaws		
10519	10510	Manufacture of other milk products	Gweithgynhyrchu cynnyrch llaeth arall		
10520	105	Manufacture of ice cream	Gweithgynhyrchu hufen iâ		
106	10	Manufacture of grain mill products, starches and starch products			
10610	106	Manufacture of grain mill products			
10611	10610	Grain milling	Melino grawn		
10612	10610	Manufacture of breakfast cereals and cereals-based food	Gweithgynhyrchu grawnfwydydd brecwast a grawnfwydydd eraill		
10620	106	Manufacture of starches and starch products	Gweithgynhyrchu startsh a chynnyrch startsh		
107	10	Manufacture of bakery and farinaceous products			
10710	107	Manufacture of bread; manufacture of fresh pastry goods and cakes	Gweithgynhyrchu bara; gweithgynhyrchu teisennau a chacennau ffres		
10720	107	Manufacture of rusks and biscuits; manufacture of preserved pastry goods and cakes	Gweithgynhyrchu rhysgenni a bisgedi; gweithgynhyrchu teisennau a chacennau cadw		
10730	107	Manufacture of macaroni, noodles, couscous and similar farinaceous products	Gweithgynhyrchu macaroni, nwdls, couscous a chynnyrch cannog tebyg		
108	10	Manufacture of other food products			
10810	108	Manufacture of sugar	Gweithgynhyrchu siwgr		
10820	108	Manufacture of cocoa, chocolate and sugar confectionery			
10821	10820	Manufacture of cocoa and chocolate confectionery	Gweithgynhyrchu melysion coco a siocled		
10822	10820	Manufacture of sugar confectionery	Gweithgynhyrchu melysion siwgr		
10830	108	Processing of tea and coffee			
10831	10830	Tea processing	Prosesu te		
10832	10830	Production of coffee and coffee substitutes	Cynhyrchu coffi ac amnewidion coffi		
10840	108	Manufacture of condiments and seasonings	Gweithgynhyrchu confennau a sesnin		
10850	108	Manufacture of prepared meals and dishes	Gweithgynhyrchu prydau a seigiau parod		
10860	108	Manufacture of homogenized food preparations and dietetic food	Gweithgynhyrchu bwydydd homogenaidd a lluniaethol		
10890	108	Manufacture of other food products not elsewhere classified	Gweithgynhyrchu cynnyrch bwyd arall n.dd.b.		
109	10	Manufacture of prepared animal feeds			
10910	109	Manufacture of prepared feeds for farm animals	Gweithgynhyrchu bwydydd parod ar gyfer anifeiliaid fferm		
10920	109	Manufacture of prepared pet foods	Gweithgynhyrchu bwydydd parod ar gyfer anifeiliaid anwes		
11	C	Manufacture of beverages			
110	11	Manufacture of beverages			
11010	110	Distilling, rectifying and blending of spirits	Distyllu, puro a chymysgu gwirodydd		
11020	110	Manufacture of wine from grape	Gweithgynhyrchu gwin o rawnwin		
11030	110	Manufacture of cider and other fruit wines	Gweithgynhyrchu seidr a mathau eraill o winoedd ffrwyth		
11040	110	Manufacture of other non-distilled fermented beverages	Gweithgynhyrchu diodydd brag eraill heb eu distyllu		
11050	110	Manufacture of beer	Gweithgynhyrchu cwrw		
11060	110	Manufacture of malt	Gweithgynhyrchu brag		
11070	110	Manufacture of soft drinks; production of mineral waters and other bottled waters	Gweithgynhyrchu diodydd ysgafn; cynhyrchu dŵr mwynol a dŵr potel arall		
12	C	Manufacture of tobacco products			
120	12	Manufacture of tobacco products			
12000	120	Manufacture of tobacco products	Gweithgynhyrchu cynnyrch tybaco		
13	C	Manufacture of textiles			
131	13	Preparation and spinning of textile fibres			
13100	131	Preparation and spinning of textile fibres	Paratoi a nyddu ffibrau gweol		
132	13	Weaving of textiles			
13200	132	Weaving of textiles	Gwehyddu tecstilau		
133	13	Finishing of textiles			
13300	133	Finishing of textiles	Gorffennu tecstilau		
139	13	Manufacture of other textiles			
13910	139	Manufacture of knitted and crocheted fabrics	Gweithgynhyrchu ffabrig wedi'i wau a'i grosio		
13920	139	Manufacture of made-up textile articles, except apparel			
13921	13920	Manufacture of soft furnishings	Gweithgynhyrchu dodrefn meddal		
13922	13920	manufacture of canvas goods, sacks, etc.	Gweithgynhyrchu nwyddau cynfas, sachau ac ati		
13923	13920	manufacture of household textiles	Gweithgynhyrchu tecstilau cartref		
13930	139	Manufacture of carpets and rugs			
13931	13930	Manufacture of woven or tufted carpets and rugs	Gweithgynhyrchu carpedi a rygiau codennog neu wedi'u gwehyddu		
13939	13930	Manufacture of other carpets and rugs	Gweithgynhyrchu carpedi a rygiau eraill		
13940	139	Manufacture of cordage, rope, twine and netting	Gweithgynhyrchu deunyddiau rhaffog, rhaffau, cortynnau a rhwydi		
13950	139	Manufacture of non-wovens and articles made from non-wovens, except apparel	Gweithgynhyrchu nwyddau heb eu gwehyddu a nwyddau o ddeunyddiau heb eu gwehyddu, ac eithrio dillad		
13960	139	Manufacture of other technical and industrial textiles	Gweithgynhyrchu tecstilau technegol a diwydiannol eraill		
13990	139	Manufacture of other textiles not elsewhere classified	Gweithgynhyrchu tecstilau eraill n.dd.b.		
14	C	Manufacture of wearing apparel			
141	14	Manufacture of wearing apparel, except fur apparel			
14110	141	Manufacture of leather clothes	Gweithgynhyrchu dillad lledr		
14120	141	Manufacture of workwear	Gweithgynhyrchu dillad gwaith		
14130	141	Manufacture of other outerwear			
14131	14130	Manufacture of other men's outerwear	Gweithgynhyrchu dillad uchaf eraill i ddynion		
14132	14130	Manufacture of other women's outerwear	Gweithgynhyrchu dillad uchaf eraill i fenywod		
14140	141	Manufacture of underwear			
14141	14140	Manufacture of men's underwear	Gweithgynhyrchu dillad isaf i ddynion		
14142	14140	Manufacture of women's underwear	Gweithgynhyrchu dillad isaf i fenywod		
14190	141	Manufacture of other wearing apparel and accessories not elsewhere classified	Gweithgynhyrchu dillad ac ategolion eraill n.dd.b.		
142	14	Manufacture of articles of fur			
14200	142	Manufacture of articles of fur	Gweithgynhyrchu eitemau ffwr		
143	14	Manufacture of knitted and crocheted apparel			
14310	143	Manufacture of knitted and crocheted hosiery	Gweithgynhyrchu hosanwaith wedi'i wau a'i grosio		
14390	143	Manufacture of other knitted and crocheted apparel	Gweithgynhyrchu dillad eraill wedi'i gwau a’u crosio		
15	C	Manufacture of leather and related products			
151	15	Tanning and dressing of leather; manufacture of luggage, handbags, saddlery and harness; dressing and dyeing of fur			
15110	151	Tanning and dressing of leather; dressing and dyeing of fur	Barcio a thrin lledr; trin a lliwio ffwr		
15120	151	Manufacture of luggage, handbags and the like, saddlery and harness	Gweithgynhyrchu bagiau, bagiau llaw ac ati, cyfrwyon a harneisi		
152	15	Manufacture of footwear			
15200	152	Manufacture of footwear	Gweithgynhyrchu esgidiau		
16	C	Manufacture of wood and of products of wood and cork, except furniture; manufacture of articles of straw and plaiting materials			
161	16	Sawmilling and planing of wood			
16100	161	Sawmilling and planing of wood	Llifio a phlaenio pren		
162	16	Manufacture of products of wood, cork, straw and plaiting materials			
16210	162	Manufacture of veneer sheets and wood-based panels	Gweithgynhyrchu dalenni argaen a phaneli o bren		
16220	162	Manufacture of assembled parquet floors	Gweithgynhyrchu lloriau parquet parod		
16230	162	Manufacture of other builders' carpentry and joinery	Gweithgynhyrchu gwaith coed a gwaith saer arall ar gyfer adeiladwyr		
16240	162	Manufacture of wooden containers	Gweithgynhyrchu cynwysyddion pren		
16290	162	Manufacture of other products of wood; manufacture of articles of cork, straw and plaiting materials	Gweithgynhyrchu cynhyrchion pren eraill; gweithgynhyrchu deunyddiau corc, gwellt a phleth		
17	C	Manufacture of paper and paper products			
171	17	Manufacture of pulp, paper and paperboard			
17110	171	Manufacture of pulp	Gweithgynhyrchu mwydion pren		
17120	171	Manufacture of paper and paperboard	Gweithgynhyrchu papur a bwrdd papur		
172	17	Manufacture of articles of paper and paperboard			
17210	172	Manufacture of corrugated paper and paperboard and of containers of paper and paperboard			
17211	17210	Manufacture of corrugated paper and paperboard, sacks and bags	Gweithgynhyrchu papur rhychiog a bwrdd papur, sachau a bagiau		
17219	17210	Manufacture of other paper and paperboard containers	Gweithgynhyrchu cynwysyddion eraill o bapur a bwrdd papur		
17220	172	Manufacture of household and sanitary goods and of toilet requisites	Gweithgynhyrchu nwyddau cartref, iechydol a thŷ bach		
17230	172	Manufacture of paper stationery	Gweithgynhyrchu deunyddiau ysgrifennu papur		
17240	172	Manufacture of wallpaper	Gweithgynhyrchu papur wal		
17290	172	Manufacture of other articles of paper and paperboard not elsewhere classified	Gweithgynhyrchu eitemau eraill o bapur a bwrdd papur n.dd.b.		
18	C	Printing and reproduction of recorded media			
181	18	Printing and service activities related to printing			
18110	181	Printing of newspapers	Argraffu papurau newydd		
18120	181	Other printing			
18121	18120	Manufacture of printed labels	Gweithgynhyrchu labeli printiedig		
18129	18120	Printing not elsewhere classified	Argraffu n.dd.b.		
18130	181	Pre-press and pre-media services	Gwasanaethau paratoi ar gyfer y wasg a'r cyfryngau		
18140	181	Binding and related services	Rhwymo a gwasanaethau cysylltiedig		
182	18	Reproduction of recorded media			
18200	182	Reproduction of recorded media			
18201	18200	Reproduction of sound recording	Atgynhyrchu recordiadau sain		
18202	18200	Reproduction of video recording	Atgynhyrchu recordiadau fideo		
18203	18200	Reproduction of computer media	Atgynhyrchu cyfryngau cyfrifiadurol		
19	C	Manufacture of coke and refined petroleum products			
191	19	Manufacture of coke oven products			
19100	191	Manufacture of coke oven products	Gweithgynhyrchu cynhyrchion ffwrn golosg		
192	19	Manufacture of refined petroleum products			
19200	192	Manufacture of refined petroleum products			
19201	19200	Mineral oil refining	Puro olewon mwynol		
19209	19200	Other treatment of petroleum products (excluding petrochemicals manufacture)	Trin cynhyrchion petrolewm eraill (ac eithrio gweithgynhyrchu petrocemegion)		
20	C	Manufacture of chemicals and chemical products			
201	20	Manufacture of basic chemicals, fertilisers and nitrogen compounds, plastics and synthetic rubber in primary forms			
20110	201	Manufacture of industrial gases	Gweithgynhyrchu nwyon diwydiannol		
20120	201	Manufacture of dyes and pigments	Gweithgynhyrchu lifynnau a phigmentau		
20130	201	Manufacture of other inorganic basic chemicals	Gweithgynhyrchu cemegion sylfaenol anorganig eraill		
20140	201	Manufacture of other organic basic chemicals	Gweithgynhyrchu cemegion sylfaenol organig eraill		
20150	201	Manufacture of fertilizers and nitrogen compounds	Gweithgynhyrchu gwrtaith a chyfansoddion nitrogen		
20160	201	Manufacture of plastics in primary forms	Gweithgynhyrchu plastig ar ei ffurf sylfaenol		
20170	201	Manufacture of synthetic rubber in primary forms	Gweithgynhyrchu rwber synthetig ar ei ffurf sylfaenol		
202	20	Manufacture of pesticides and other agrochemical products			
20200	202	Manufacture of pesticides and other agrochemical products	Gweithgynhyrchu plaladdwyr a chynnyrch agrocemegol		
203	20	Manufacture of paints, varnishes and similar coatings, printing ink and mastics			
20300	203	Manufacture of paints, varnishes and similar coatings, printing ink and mastics			
20301	20300	Manufacture of paints, varnishes and similar coatings, mastics and sealants	Gweithgynhyrchu paent, farnais a chaenau, mastigau a deunyddiau selio tebyg eraill		
20302	20300	Manufacture of printing ink	Gweithgynhyrchu inc argraffu		
204	20	Manufacture of soap and detergents, cleaning and polishing preparations, perfumes and toilet preparations			
20410	204	Manufacture of soap and detergents, cleaning and polishing preparations			
20411	20410	Manufacture of soap and detergents	Gweithgynhyrchu sebon a glanedyddion		
20412	20410	Manufacture of cleaning and polishing preparations	Gweithgynhyrchu cymysgeddau glanhau a chaboli		
20420	204	Manufacture of perfumes and toilet preparations	Gweithgynhyrchu persawrau a chymysgeddau ymolchi		
205	20	Manufacture of other chemical products			
20510	205	Manufacture of explosives	Gweithgynhyrchu ffrwydron		
20520	205	Manufacture of glues	Gweithgynhyrchu glud		
20530	205	Manufacture of essential oils	Gweithgynhyrchu olewon naws		
20590	205	Manufacture of other chemical products not elsewhere classified	Gweithgynhyrchu cynhyrchion cemegol eraill n.dd.b.		
206	20	Manufacture of man-made fibres			
20600	206	Manufacture of man-made fibres	Gweithgynhyrchu ffibrau gwneud		
21	C	Manufacture of basic pharmaceutical products and pharmaceutical preparations			
211	21	Manufacture of basic pharmaceutical products			
21100	211	Manufacture of basic pharmaceutical products	Gweithgynhyrchu cynhyrchion fferyllol sylfaenol		
212	21	Manufacture of pharmaceutical preparations			
21200	212	Manufacture of pharmaceutical preparations	Gweithgynhyrchu cymysgeddau fferyllol		
22	C	Manufacture of rubber and plastic products			
221	22	Manufacture of rubber products			
22110	221	Manufacture of rubber tyres and tubes; retreading and rebuilding of rubber tyres	Gweithgynhyrchu teiars a thiwbiau rwber; adfer ac ailwampio teiars rwber		
22190	221	Manufacture of other rubber products	Gweithgynhyrchu cynhyrchion rwber eraill		
222	22	Manufacture of plastics products			
22210	222	Manufacture of plastic plates, sheets, tubes and profiles	Gweithgynhyrchu platiau, dalenni, tiwbiau a phroffiliau plastig		
22220	222	Manufacture of plastic packing goods	Gweithgynhyrchu nwyddau pacio plastig		
22230	222	Manufacture of builders  ware of plastic	Gweithgynhyrchu deunydd adeiladu o blastig		
22290	222	Manufacture of other plastic products	Gweithgynhyrchu cynhyrchion plastig eraill		
23	C	Manufacture of other non-metallic mineral products			
231	23	Manufacture of glass and glass products			
23110	231	Manufacture of flat glass	Gweithgynhyrchu gwydr gwastad		
23120	231	Shaping and processing of flat glass	Siapio a phrosesu gwydr gwastad		
23130	231	Manufacture of hollow glass	Gweithgynhyrchu gwydr cau		
23140	231	Manufacture of glass fibres	Gweithgynhyrchu ffibrau gwydr		
23190	231	Manufacture and processing of other glass, including technical glassware	Gweithgynhyrchu a phrosesu gwydrau eraill, gan gynnwys llestri gwydr technegol		
232	23	Manufacture of refractory products			
23200	232	Manufacture of refractory products	Gweithgynhyrchu cynhyrchion gwrthsafol		
233	23	Manufacture of clay building materials			
23310	233	Manufacture of ceramic tiles and flags	Gweithgynhyrchu teils a cherrig llorio serameg		
23320	233	Manufacture of bricks, tiles and construction products, in baked clay	Gweithgynhyrchu brics, teils a chynhyrchion adeiladu clai cras		
234	23	Manufacture of other porcelain and ceramic products			
23410	234	Manufacture of ceramic household and ornamental articles	Gweithgynhyrchu nwyddau cartref ac addurnol seramig		
23420	234	Manufacture of ceramic sanitary fixtures	Gweithgynhyrchu offer iechydol seramig		
23430	234	Manufacture of ceramic insulators and insulating fittings	Gweithgynhyrchu ynysyddion ac offer ynysu seramig		
23440	234	Manufacture of other technical ceramic products	Gweithgynhyrchu cynhyrchion technegol seramig eraill		
23490	234	Manufacture of other ceramic products not elsewhere classified	Gweithgynhyrchu cynhyrchion seramig eraill n.dd.b.		
235	23	Manufacture of cement, lime and plaster			
23510	235	Manufacture of cement	Gweithgynhyrchu sment		
23520	235	Manufacture of lime and plaster	Gweithgynhyrchu calch a phlastr		
236	23	Manufacture of articles of concrete, cement and plaster			
23610	236	Manufacture of concrete products for construction purposes	Gweithgynhyrchu cynhyrchion concrit at ddibenion adeiladu		
23620	236	Manufacture of plaster products for construction purposes	Gweithgynhyrchu cynhyrchion plastr at ddibenion adeiladu		
23630	236	Manufacture of ready-mixed concrete	Gweithgynhyrchu concrit parod		
23640	236	Manufacture of mortars	Gweithgynhyrchu morter (priddgalch)		
23650	236	Manufacture of fibre cement	Gweithgynhyrchu sment ffibr		
23690	236	Manufacture of other articles of concrete, plaster and cement	Gweithgynhyrchu nwyddau eraill o goncrit, plastr a sment		
237	23	Cutting, shaping and finishing of stone			
23700	237	Cutting, shaping and finishing of stone	Torri, naddu a gorffennu carreg		
239	23	Manufacture of abrasive products and non-metallic mineral products not elsewhere classified			
23910	239	Production of abrasive products	Cynhyrchu cynhyrchion ffrithiol		
23990	239	Manufacture of other non-metallic mineral products not elsewhere classified	Gweithgynhyrchu cynhyrchion mwynau anfetelaidd eraill n.dd.b.		
24	C	Manufacture of basic metals			
241	24	Manufacture of basic iron and steel and of ferro-alloys			
24100	241	Manufacture of basic iron and steel and of ferro-alloys	Gweithgynhyrchu haearn a dur sylfaenol a ffero-aloeon		
242	24	Manufacture of tubes, pipes, hollow profiles and related fittings, of steel			
24200	242	Manufacture of tubes, pipes, hollow profiles and related fittings, of steel	Gweithgynhyrchu tiwbiau, pibellau, proffiliau gwag a gosodiadau cysylltiedig, o ddur		
243	24	Manufacture of other products of first processing of steel			
24310	243	Cold drawing of bars	Tynnu bariau yn oer		
24320	243	Cold rolling of narrow strip	Rholio stribedi cul yn oer		
24330	243	Cold forming or folding	Ffurfio neu blygu oer		
24340	243	Cold drawing of wire	Tynnu weiar yn oer		
244	24	Manufacture of basic precious and other non-ferrous metals			
24410	244	Precious metals production	Cynhyrchu metelau gwerthfawr		
24420	244	Aluminium production	Cynhyrchu alwminiwm		
24430	244	Lead, zinc and tin production	Cynhyrchu plwm, sinc a thun		
24440	244	Copper production	Cynhyrchu copr		
24450	244	Other non-ferrous metal production	Cynhyrchu metelau anfferrus eraill		
24460	244	Processing of nuclear fuel	Prosesu tanwydd niwclear		
245	24	Casting of metals			
24510	245	Casting of iron	Bwrw haearn		
24520	245	Casting of steel	Bwrw dur		
24530	245	Casting of light metals	Bwrw metelau ysgafn		
24540	245	Casting of other non-ferrous metals	Bwrw metelau anfferrus eraill		
25	C	Manufacture of fabricated metal products, except machinery and equipment			
251	25	Manufacture of structural metal products			
25110	251	Manufacture of metal structures and parts of structures	Gweithgynhyrchu strwythurau metel a rhannau o strwythurau		
25120	251	Manufacture of doors and windows of metal	Gweithgynhyrchu drysau a ffenestri o fetel		
252	25	Manufacture of tanks, reservoirs and containers of metal			
25210	252	Manufacture of central heating radiators and boilers	Gweithgynhyrchu rheiddiaduron a bwyleri gwres canolog		
25290	252	Manufacture of other tanks, reservoirs and containers of metal	Gweithgynhyrchu tanciau, cronfeydd a chynwysyddion eraill o fetel		
253	25	Manufacture of steam generators, except central heating hot water boilers			
25300	253	Manufacture of steam generators, except central heating hot water boilers	Gweithgynhyrchu generaduron stêm, ac eithrio bwyleri dŵr poeth gwres canolog		
254	25	Manufacture of weapons and ammunition			
25400	254	Manufacture of weapons and ammunition	Gweithgynhyrchu arfau a ffrwydron rhyfel		
255	25	Forging, pressing, stamping and roll-forming of metal; powder metallurgy			
25500	255	Forging, pressing, stamping and roll-forming of metal; powder metallurgy	Gofannu, gwasgu, stampio a rholio metel; meteleg powdr		
256	25	Treatment and coating of metals; machining			
25610	256	Treatment and coating of metals	Trin a chaenu metelau		
25620	256	Machining	Turnio		
257	25	Manufacture of cutlery, tools and general hardware			
25710	257	Manufacture of cutlery	Gweithgynhyrchu cytleri		
25720	257	Manufacture of locks and hinges	Gweithgynhyrchu cloeon a cholfachau		
25730	257	Manufacture of tools	Gweithgynhyrchu tŵls		
259	25	Manufacture of other fabricated metal products			
25910	259	Manufacture of steel drums and similar containers	Gweithgynhyrchu drymiau dur a chynwysyddion tebyg		
25920	259	Manufacture of light metal packaging	Gweithgynhyrchu deunydd pecynnu metel ysgafn		
25930	259	Manufacture of wire products, chain and springs	Gweithgynhyrchu cynhyrchion weiar, cadwyni a sbringiau		
25940	259	Manufacture of fasteners and screw machine products	Gweithgynhyrchu ffasnyddion a sgriwiau peiriannol		
25990	259	Manufacture of other fabricated metal products not elsewhere classified	Gweithgynhyrchu cynhyrchion metel gwneud eraill n.dd.b.		
26	C	Manufacture of computer, electronic and optical products			
261	26	Manufacture of electronic components and boards			
26110	261	Manufacture of electronic components	Gweithgynhyrchu cydrannau electronig		
26120	261	Manufacture of loaded electronic boards	Gweithgynhyrchu byrddau electronig parod		
262	26	Manufacture of computers and peripheral equipment			
26200	262	Manufacture of computers and peripheral equipment	Gweithgynhyrchu cyfrifiaduron a pherifferolion		
263	26	Manufacture of communication equipment			
26300	263	Manufacture of communication equipment			
26301	26300	Manufacture of telegraph and telephone apparatus and equipment	Gweithgynhyrchu cyfarpar ac offer telegraff a theleffon		
26309	26300	Manufacture of communication equipment other than telegraph, and telephone apparatus and equipment	Gweithgynhyrchu offer a chyfarpar cyfathrebu ac eithrio cyfarpar ac offer telegraff a theleffon		
264	26	Manufacture of consumer electronics			
26400	264	Manufacture of consumer electronics	Gweithgynhyrchu electroneg i ddefnyddwyr		
265	26	Manufacture of instruments and appliances for measuring, testing and navigation; watches and clocks			
26510	265	Manufacture of instruments and appliances for measuring, testing and navigation			
26511	26510	Manufacture of electronic measuring, testing etc. equipment, not for industrial process control	Gweithgynhyrchu cyfarpar electronig ar gyfer mesur, profi ac ati, ond nid at ddibenion rheoli prosesau diwydiannol		
26512	26510	Manufacture of electronic industrial process control equipment	Gweithgynhyrchu cyfarpar electronig i reoli prosesau diwydiannol		
26513	26510	Manufacture of non-electronic measuring, testing etc. equipment, not for industrial process control	Gweithgynhyrchu cyfarpar nad yw'n electronig ar gyfer mesur, profi ac ati, ond nid at ddibenion rheoli prosesau diwydiannol		
26514	26510	Manufacture of non-electronic industrial process control equipment	Gweithgynhyrchu cyfarpar nad yw'n electronig ar gyfer rheoli prosesau diwydiannol		
26520	265	Manufacture of watches and clocks	Gweithgynhyrchu watsys a chlociau		
266	26	Manufacture of irradiation, electromedical and electrotherapeutic equipment			
26600	266	Manufacture of irradiation, electromedical and electrotherapeutic equipment	Gweithgynhyrchu cyfarpar arbelydru, electrofeddygol ac electrotherapiwtig		
267	26	Manufacture of optical instruments and photographic equipment			
26700	267	Manufacture of optical instruments and photographic equipment			
26701	26700	Manufacture of optical precision instruments	Gweithgynhyrchu cyfarpar manylwaith optig		
26702	26700	Manufacture of photographic and cinematographic equipment	Gweithgynhyrchu cyfarpar ffotograffig a sinematograffig		
268	26	Manufacture of magnetic and optical media			
26800	268	Manufacture of magnetic and optical media	Gweithgynhyrchu cyfryngau magnetig ac optegol		
27	C	Manufacture of electrical equipment			
271	27	Manufacture of electric motors, generators, transformers and electricity distribution and control apparatus			
27110	271	Manufacture of electric motors, generators and transformers	Gweithgynhyrchu moduron trydan, generaduron a newidyddion		
27120	271	Manufacture of electricity distribution and control apparatus	Gweithgynhyrchu cyfarpar dosbarthu a rheoli trydan		
272	27	Manufacture of batteries and accumulators			
27200	272	Manufacture of batteries and accumulators	Gweithgynhyrchu batris a chronaduron		
273	27	Manufacture of wiring and wiring devices			
27310	273	Manufacture of fibre optic cables	Gweithgynhyrchu ceblau ffibr optig		
27320	273	Manufacture of other electronic and electric wires and cables	Gweithgynhyrchu gwifrau a cheblau electronig a thrydan eraill		
27330	273	Manufacture of wiring devices	Gweithgynhyrchu dyfeisiau gwifro		
274	27	Manufacture of electric lighting equipment			
27400	274	Manufacture of electric lighting equipment	Gweithgynhyrchu offer goleuo trydanol		
275	27	Manufacture of domestic appliances			
27510	275	Manufacture of electric domestic appliances	Gweithgynhyrchu dyfeisiau trydan domestig		
27520	275	Manufacture of non-electric domestic appliances	Gweithgynhyrchu dyfeisiau domestig nad ydynt yn drydanol		
279	27	Manufacture of other electrical equipment			
27900	279	Manufacture of other electrical equipment	Gweithgynhyrchu cyfarpar trydanol eraill		
28	C	Manufacture of machinery and equipment not elsewhere classified			
281	28	Manufacture of general-purpose machinery			
28110	281	Manufacture of engines and turbines, except aircraft, vehicle and cycle engines	Gweithgynhyrchu injans a thyrbinau, ac eithrio injans awyrennau, cerbydau a beiciau		
28120	281	Manufacture of fluid power equipment	Gweithgynhyrchu cyfarpar pŵer hylifol		
28130	281	Manufacture of other pumps and compressors			
28131	28130	Manufacture of pumps	Gweithgynhyrchu pympiau		
28132	28130	Manufacture of compressors	Gweithgynhyrchu cywasgyddion		
28140	281	Manufacture of taps and valves	Gweithgynhyrchu tapiau a falfiau		
28150	281	Manufacture of bearings, gears, gearing and driving elements	Gweithgynhyrchu berynnau, gerau ac elfennau gerio a gyrru		
282	28	Manufacture of other general-purpose machinery			
28210	282	Manufacture of ovens, furnaces and furnace burners	Gweithgynhyrchu ffyrnau, ffwrneisi a llosgwyr ffwrnais		
28220	282	Manufacture of lifting and handling equipment	Gweithgynhyrchu cyfarpar codi a thrin		
28230	282	Manufacture of office machinery and equipment (except computers and peripheral equipment)	Gweithgynhyrchu peiriannau a chyfarpar swyddfa (ac eithrio cyfrifiaduron a pherifferolion)		
28240	282	Manufacture of power-driven hand tools	Gweithgynhyrchu tŵls pŵer maint llaw		
28250	282	Manufacture of non-domestic cooling and ventilation equipment	Gweithgynhyrchu offer oeri ac awyru annomestig		
28290	282	Manufacture of other general-purpose machinery not elsewhere classified	Gweithgynhyrchu peiriannau eraill at ddibenion cyffredinol n.dd.b.		
283	28	Manufacture of agricultural and forestry machinery			
28300	283	Manufacture of agricultural and forestry machinery			
28301	28300	Manufacture of agricultural tractors	Gweithgynhyrchu tractorau amaethyddol		
28302	28300	Manufacture of agricultural and forestry machinery other than tractors	Gweithgynhyrchu peiriannau amaethyddol a choedwigaeth ac eithrio tractorau		
284	28	Manufacture of metal forming machinery and machine tools			
28410	284	Manufacture of metal forming machinery	Gweithgynhyrchu peiriannau ffurfio metel		
28490	284	Manufacture of other machine tools	Gweithgynhyrchu offer peiriannol eraill		
289	28	Manufacture of other special-purpose machinery			
28910	289	Manufacture of machinery for metallurgy	Gweithgynhyrchu peiriannau meteleg		
28920	289	Manufacture of machinery for mining, quarrying and construction			
28921	28920	Manufacture of machinery for mining	Gweithgynhyrchu peiriannau mwyngloddio		
28922	28920	Manufacture of earthmoving equipment	Gweithgynhyrchu cyfarpar symud tir		
28923	28920	Manufacture of equipment for concrete crushing and screening and roadworks	Gweithgynhyrchu cyfarpar malu concrit a sgrinio a gwaith ffyrdd		
28930	289	Manufacture of machinery for food, beverage and tobacco processing	Gweithgynhyrchu peiriannau prosesu bwyd, diodydd a thybaco		
28940	289	Manufacture of machinery for textile, apparel and leather production	Gweithgynhyrchu peiriannau cynhyrchu tecstilau, dillad a lledr		
28950	289	Manufacture of machinery for paper and paperboard production	Gweithgynhyrchu peiriannau cynhyrchu papur a bwrdd papur		
28960	289	Manufacture of plastics and rubber machinery	Gweithgynhyrchu peiriannau gwneud plastig a rwber		
28990	289	Manufacture of other special-purpose machinery not elsewhere classified	Gweithgynhyrchu peiriannau pwrpasol eraill n.dd.b.		
29	C	Manufacture of motor vehicles, trailers and semi-trailers			
291	29	Manufacture of motor vehicles			
29100	291	Manufacture of motor vehicles	Gweithgynhyrchu cerbydau modur		
292	29	Manufacture of bodies (coachwork) for motor vehicles; manufacture of trailers and semi-trailers			
29200	292	Manufacture of bodies (coachwork) for motor vehicles; manufacture of trailers and semi-trailers			
29201	29200	Manufacture of bodies (coachwork) for motor vehicles (except caravans)	Gweithgynhyrchu cyrff (coetswaith) cerbydau modur (ac eithrio carafanau)		
29202	29200	Manufacture of trailers and semi-trailers	Gweithgynhyrchu trelars a hanner-trelars		
29203	29200	Manufacture of caravans	Gweithgynhyrchu carafanau		
293	29	Manufacture of parts and accessories for motor vehicles			
29310	293	Manufacture of electrical and electronic equipment for motor vehicles and their engines	Gweithgynhyrchu cyfarpar trydanol ac electronig ar gyfer cerbydau modur a'u hinjans		
29320	293	Manufacture of other parts and accessories for motor vehicles	Gweithgynhyrchu darnau ac ategolion eraill ar gyfer cerbydau modur		
30	C	Manufacture of other transport equipment			
301	30	Building of ships and boats			
30110	301	Building of ships and floating structures	Adeiladu llongau a strwythurau sy'n arnofio		
30120	301	Building of pleasure and sporting boats	Adeiladu cychod pleser a chwaraeon		
302	30	Manufacture of railway locomotives and rolling stock			
30200	302	Manufacture of railway locomotives and rolling stock	Gweithgynhyrchu locomotifau a cherbydau rheilffordd		
303	30	Manufacture of air and spacecraft and related machinery			
30300	303	Manufacture of air and spacecraft and related machinery	Gweithgynhyrchu peiriannau awyr a llongau gofod a'r peiriannau cysylltiedig		
304	30	Manufacture of military fighting vehicles			
30400	304	Manufacture of military fighting vehicles	Gweithgynhyrchu cerbydau ymladd milwrol		
309	30	Manufacture of transport equipment not elsewhere classified			
30910	309	Manufacture of motorcycles	Gweithgynhyrchu beiciau modur		
30920	309	Manufacture of bicycles and invalid carriages	Gweithgynhyrchu beiciau a cherbydau i'r methedig		
30990	309	Manufacture of other transport equipment not elsewhere classified	Gweithgynhyrchu cyfarpar arall ar gyfer trafnidiaeth n.dd.b.		
31	C	Manufacture of furniture			
310	31	Manufacture of furniture			
31010	310	Manufacture of office and shop furniture	Gweithgynhyrchu celfi swyddfa a siop		
31020	310	Manufacture of kitchen furniture	Gweithgynhyrchu celfi'r gegin		
31030	310	Manufacture of mattresses	Gweithgynhyrchu matresi		
31090	310	Manufacture of other furniture	Gweithgynhyrchu celfi eraill		
32	C	Other manufacturing			
321	32	Manufacture of jewellery, bijouterie and related articles			
32110	321	Striking of coins	Bwrw darnau arian		
32120	321	Manufacture of jewellery and related articles	Gweithgynhyrchu gemwaith ac eitemau cysylltiedig		
32130	321	Manufacture of imitation jewellery and related articles	Gweithgynhyrchu gemwaith ffug ac eitemau cysylltiedig		
322	32	Manufacture of musical instruments			
32200	322	Manufacture of musical instruments	Gweithgynhyrchu offerynnau cerdd		
323	32	Manufacture of sports goods			
32300	323	Manufacture of sports goods	Gweithgynhyrchu nwyddau chwaraeon		
324	32	Manufacture of games and toys			
32400	324	Manufacture of games and toys			
32401	32400	Manufacture of professional and arcade games and toys	Gweithgynhyrchu gemau a theganau proffesiynol ac arcêd		
32409	32400	Manufacture of other games and toys, not elsewhere classified	Gweithgynhyrchu gemau a theganau eraill n.dd.b.		
325	32	Manufacture of medical and dental instruments and supplies			
32500	325	Manufacture of medical and dental instruments and supplies	Gweithgynhyrchu offerynnau a nwyddau meddygol a deintyddol		
329	32	Other manufacturing not elsewhere classified			
32910	329	Manufacture of brooms and brushes	Gweithgynhyrchu ysgubellau a brwshys		
32990	329	Other manufacturing not elsewhere classified	Gweithgynhyrchu arall n.dd.b.		
33	C	Repair and installation of machinery and equipment			
331	33	Repair of fabricated metal products, machinery and equipment			
33110	331	Repair of fabricated metal products	Atgyweirio cynhyrchion metel gwneuthuredig		
33120	331	Repair of machinery	Atgyweirio peiriannau		
33130	331	Repair of electronic and optical equipment	Atgyweirio offer electronig ac optig		
33140	331	Repair of electrical equipment	Atgyweirio offer trydanol		
33150	331	Repair and maintenance of ships and boats	Atgyweirio a chynnal llongau a chychod		
33160	331	Repair and maintenance of aircraft and spacecraft	Atgyweirio a chynnal awyrennau a llongau awyr		
33170	331	Repair and maintenance of other transport equipment not elsewhere classified	Atgyweirio a chynnal of cyfarpar arall ar gyfer trafnidiaeth n.dd.b.		
33190	331	Repair of other equipment	Atgyweirio mathau eraill o gyfarpar		
332	33	Installation of industrial machinery and equipment			
33200	332	Installation of industrial machinery and equipment	Gosod peiriannau ac offer diwydiannol		
35	D	Electricity, gas, steam and air conditioning supply			
351	35	Electric power generation, transmission and distribution			
35110	351	Production of electricity	Cynhyrchu trydan		
35120	351	Transmission of electricity	Trawsyrru trydan		
35130	351	Distribution of electricity	Dosbarthu trydan		
35140	351	Trade of electricity	Masnachu trydan		
352	35	Manufacture of gas; distribution of gaseous fuels through mains			
35210	352	Manufacture of gas	Gweithgynhyrchu nwy		
35220	352	Distribution of gaseous fuels through mains	Dosbarthu tanwydd nwyol trwy prif bibell		
35230	352	Trade of gas through mains	Masnachu nwy trwy prif bibell		
353	35	Steam and air conditioning supply			
35300	353	Steam and air conditioning supply	Cyflenwi stêm a thymherwyr awyr		
36	E	Water collection, treatment and supply			
360	36	Water collection, treatment and supply			
36000	360	Water collection, treatment and supply	Casglu, trin a chyflenwi dŵr		
37	E	Sewerage			
370	37	Sewerage			
37000	370	Sewerage	Carthffosiaeth		
38	E	Waste collection, treatment and disposal activities; materials recovery			
381	38	Waste collection			
38110	381	Collection of non-hazardous waste	Casglu gwastraff nad yw'n beryglus		
38120	381	Collection of hazardous waste	Casglu gwastraff peryglus		
382	38	Waste treatment and disposal			
38210	382	Treatment and disposal of non-hazardous waste	Trin a gwaredu gwastraff nad yw'n beryglus		
38220	382	Treatment and disposal of hazardous waste	Trin a gwaredu gwastraff peryglus		
383	38	Materials recovery			
38310	383	Dismantling of wrecks	Datgymalu drylliadau		
38320	383	Recovery of sorted materials	Adfer deunyddiau a ddidolwyd		
39	E	Remediation activities and other waste management services.			
390	39	Remediation activities and other waste management services			
39000	390	Remediation activities and other waste management services	Gweithgareddau adfer a gwasanaethau rheoli gwastraff eraill		
41	F	Construction of buildings			
411	41	Development of building projects			
41100	411	Development of building projects	Datblygu projectau adeiladu		
412	41	Construction of residential and non-residential buildings			
41200	412	Construction of residential and non-residential buildings			
41201	41200	Construction of commercial buildings	Adeiladu adeiladau masnachol		
41202	41200	Construction of domestic buildings	Adeiladu adeiladau domestig		
42	F	Civil engineering			
421	42	Construction of roads and railways			
42110	421	Construction of roads and motorways	Adeiladu ffyrdd a phriffyrdd		
42120	421	Construction of railways and underground railways	Adeiladu rheilffyrdd a rheilffyrdd tanddaearol		
42130	421	Construction of bridges and tunnels	Adeiladu pontydd a thwneli		
422	42	Construction of utility projects			
42210	422	Construction of utility projects for fluids	Adeiladu projectau cyfleustodau hylifau		
42220	422	Construction of utility projects for electricity and telecommunications	Adeiladu projectau cyfleustodau trydan a thelathrebu		
429	42	Construction of other civil engineering projects			
42910	429	Construction of water projects	Adeiladu projectau dŵr		
42990	429	Construction of other civil engineering projects not elsewhere classified	Adeiladu projectau peirianneg sifil eraill n.dd.b.		
43	F	Specialised construction activities			
431	43	Demolition and site preparation			
43110	431	Demolition	Dymchwel		
43120	431	Site preparation	Paratoi safleoedd		
43130	431	Test drilling and boring	Drilio a thorri tyllau profi		
432	43	Electrical, plumbing and other construction installation activities			
43210	432	Electrical installation	Gosod offer trydanol		
43220	432	Plumbing, heat and air-conditioning installation	Gosod systemau plymio, gwres a thymheru'r aer		
43290	432	Other construction installation	Mathau eraill osod at ddibenion adeiladu		
433	43	Building completion and finishing			
43310	433	Plastering	Plastro		
43320	433	Joinery installation	Gosod gwaith coed		
43330	433	Floor and wall covering	Gorchuddio lloriau a waliau		
43340	433	Painting and glazing			
43341	43340	Painting	Peintio		
43342	43340	Glazing	Gwydro		
43390	433	Other building completion and finishing	Gwaith gorffen a gorffennu adeiladu eraill		
439	43	Other specialised construction activities			
43910	439	Roofing activities	Gweithgareddau gosod to		
43990	439	Other specialised construction activities not elsewhere classified			
43991	43990	Scaffold erection	Codi sgaffaldiau		
43999	43990	Other specialised construction activities not elsewhere classified	Gweithgareddau adeiladu arbenigol eraill n.dd.b.		
45	G	Wholesale and retail trade and repair of motor vehicles and motorcycles			
451	45	Sale of motor vehicles			
45110	451	Sale of cars and light motor vehicles			
45111	45110	Sale of new cars and light motor vehicles	Gwerthu ceir a cherbydau modur ysgafn newydd		
45112	45110	Sale of used cars and light motor vehicles	Gwerthu ceir a cherbydau modur ysgafn ail law		
45190	451	Sale of other motor vehicles	Gwerthu cerbydau modur eraill		
452	45	Maintenance and repair of motor vehicles			
45200	452	Maintenance and repair of motor vehicles	Cynnal ac atgyweirio cerbydau modur		
453	45	Sale of motor vehicle parts and accessories			
45310	453	Wholesale trade of motor vehicle parts and accessories	Cyfanwerthu darnau ac ategolion cerbydau modur		
45320	453	Retail trade of motor vehicle parts and accessories	Adwerthu darnau ac ategolion cerbydau modur		
454	45	Sale, maintenance and repair of motorcycles and related parts and accessories			
45400	454	Sale, maintenance and repair of motorcycles and related parts and accessories	Gwerthu, cynnal ac atgyweirio beiciau modur a darnau ac ategolion cysylltiedig		
46	G	Wholesale trade, except of motor vehicles and motorcycles			
461	46	Wholesale on a fee or contract basis			
46110	461	Agents selling agricultural raw materials, livestock, textile raw materials and semi-finished goods	Asiantau sy'n gwerthu deunydd crai amaethyddol, da byw, deunyddiau crai tecstilau a nwyddau lled-barod		
46120	461	Agents involved in the sale of fuels, ores, metals and industrial chemicals	Asiantau sydd ynghlwm wrth werthu tanwydd, mwynau, metelau a chemegion diwydiannol		
46130	461	Agents involved in the sale of timber and building materials	Asiantau sydd ynghlwm wrth werthu pren a deunyddiau adeiladu		
46140	461	Agents involved in the sale of machinery, industrial equipment, ships and aircraft	Asiantau sydd ynghlwm wrth werthu peiriannau, offer diwydiannol, llongau ac awyrennau		
46150	461	Agents involved in the sale of furniture, household goods, hardware and ironmongery	Asiantau sydd ynghlwm wrth werthu celfi, nwyddau cartref, caledwedd a nwyddau haearn		
46160	461	Agents involved in the sale of textiles, clothing, fur, footwear and leather goods	Asiantau sydd ynghlwm wrth werthu tecstilau, dillad, ffwr, esgidiau a nwyddau lledr		
46170	461	Agents involved in the sale of food, beverages and tobacco	Asiantau sydd ynghlwm wrth werthu bwydydd, diodydd a thybaco		
46180	461	Agents specialised in the sale of other particular products	Asiantau sy'n arbenigo mewn gwerthu cynhyrchion penodol eraill		
46190	461	Agents involved in the sale of a variety of goods	Asiantau sydd ynghlwm wrth werthu amrywiaeth o nwyddau		
462	46	Wholesale of agricultural raw materials and live animals			
46210	462	Wholesale of grain, unmanufactured tobacco, seeds and animal feeds	Cyfanwerthu grawn, tybaco crai, hadau a bwydydd anifeiliaid		
46220	462	Wholesale of flowers and plants	Cyfanwerthu blodau a phlanhigion		
46230	462	Wholesale of live animals	Cyfanwerthu anifeiliaid byw		
46240	462	Wholesale of hides, skins and leather	Cyfanwerthu crwyn a lledr		
463	46	Wholesale of food, beverages and tobacco			
46310	463	Wholesale of fruit and vegetables	Cyfanwerthu ffrwythau a llysiau		
46320	463	Wholesale of meat and meat products	Cyfanwerthu cig a chynhyrchion cig		
46330	463	Wholesale of dairy products, eggs and edible oils and fats	Cyfanwerthu cynhyrchion llaeth, wyau ac olewon a brasterau bwytadwy		
46340	463	Wholesale of beverages			
46341	46340	Wholesale of fruit and vegetable juices, mineral water and soft drinks	Cyfanwerthu sudd ffrwythau a llysiau, dŵr mwynol a diodydd ysgafn		
46342	46340	Wholesale of wine, beer, spirits and other alcoholic beverages	Cyfanwerthu gwin, cwrw, gwirodydd a diodydd meddwol eraill		
46350	463	Wholesale of tobacco products	Cyfanwerthu cynhyrchion tybaco		
46360	463	Wholesale of sugar and chocolate and sugar confectionery	Cyfanwerthu siwgr a siocled a melysion siwgr		
46370	463	Wholesale of coffee, tea, cocoa and spices	Cyfanwerthu coffi, te, coco a sbeis		
46380	463	Wholesale of other food, including fish, crustaceans and molluscs	Cyfanwerthu bwydydd eraill, gan gynnwys pysgod, cramenogion a molysgiaid		
46390	463	Non-specialised wholesale of food, beverages and tobacco	Cyfanwerthu bwydydd, diodydd a thybaco cyffredinol		
464	46	Wholesale of household goods			
46410	464	Wholesale of textiles	Cyfanwerthu tecstilau		
46420	464	Wholesale of clothing and footwear	Cyfanwerthu dillad ac esgidiau		
46430	464	Wholesale of electrical household appliances			
46431	46430	Wholesale of audio tapes, records, CDs and video tapes and the equipment on which these are played	Cyfanwerthu tapiau sain, recordiau, CDs a thapiau fideo a'r offer ar gyfer eu chwarae		
46439	46430	Wholesale of radio, television goods & electrical household appliances (other than records, tapes, CD's & video tapes and the equipment used for playing them)	Cyfanwerthu nwyddau radio a theledu a dyfeisiau trydan i’r cartref (ac eithrio recordiau, tapiau, CDs a thapiau fideo, a’r offer a ddefnyddir i’w chwarae)		
46440	464	Wholesale of china and glassware and cleaning materials	Cyfanwerthu llestri gwydr a tsieina a deunyddiau glanhau		
46450	464	Wholesale of perfume and cosmetics	Cyfanwerthu persawr a chosmetigau		
46460	464	Wholesale of pharmaceutical goods	Cyfanwerthu nwyddau fferyllol		
46470	464	Wholesale of furniture, carpets and lighting equipment	Cyfanwerthu celfi, carpedi ac offer goleuo		
46480	464	Wholesale of watches and jewellery	Cyfanwerthu watsys a gemwaith		
46490	464	Wholesale of other household goods			
46491	46490	Wholesale of musical instruments	Cyfanwerthu offerynnau cerdd		
46499	46490	Wholesale of household goods (other than musical instruments) n.e.c	Cyfanwerthu nwyddau cartref (ac eithrio offerynnau cerdd) n.dd.b.		
465	46	Wholesale of information and communication equipment			
46510	465	Wholesale of computers, computer peripheral equipment and software	Cyfanwerthu cyfrifiaduron, perifferolion cyfrifiadurol a meddalwedd		
46520	465	Wholesale of electronic and telecommunications equipment and parts	Cyfanwerthu cyfarpar electronig a thelathrebu a'r darnau cysylltiedig		
466	46	Wholesale of other machinery, equipment and supplies			
46610	466	Wholesale of agricultural machinery, equipment and supplies	Cyfanwerthu peiriannau, cyfarpar a chyflenwadau amaethyddol		
46620	466	Wholesale of machine tools	Cyfanwerthu offer peiriannol		
46630	466	Wholesale of mining, construction and civil engineering machinery	Cyfanwerthu peiriannau mwyngloddio, adeiladu a pheirianneg sifil		
46640	466	Wholesale of machinery for the textile industry and of sewing and knitting machines	Cyfanwerthu peiriannau ar gyfer y diwydiant tecstilau a pheiriannau gwnïo a gwau		
46650	466	Wholesale of office furniture	Cyfanwerthu celfi swyddfa		
46660	466	Wholesale of other office machinery and equipment	Cyfanwerthu peiriannau a chyfarpar swyddfa eraill		
46690	466	Wholesale of other machinery and equipment	Cyfanwerthu peiriannau a chyfarpar eraill		
467	46	Other specialised wholesale			
46710	467	Wholesale of solid, liquid and gaseous fuels and related products			
46711	46710	Wholesale of petroleum and petroleum products	Cyfanwerthu petrolewm a chynhyrchion petrolewm		
46719	46710	Wholesale of other fuels and related products	Cyfanwerthu mathau eraill o danwydd a chynhyrchion cysylltiedig		
46720	467	Wholesale of metals and metal ores	Cyfanwerthu metelau a mwynau metel		
46730	467	Wholesale of wood, construction materials and sanitary equipment	Cyfanwerthu pren, deunyddiau adeiladu ac offer iechydol		
46740	467	Wholesale of hardware, plumbing and heating equipment and supplies	Cyfanwerthu cyfarpar a nwyddau metel, plymio a gwresogi		
46750	467	Wholesale of chemical products	Cyfanwerthu cynhyrchion cemegol		
46760	467	Wholesale of other intermediate products	Cyfanwerthu cynhyrchion rhyngol eraill		
46770	467	Wholesale of waste and scrap	Cyfanwerthu gwastraff a sgrap		
469	46	Non-specialised wholesale trade			
46900	469	Non-specialised wholesale trade	Masnach cyfanwerthu cyffredinol		
47	G	Retail trade, except of motor vehicles and motorcycles			
471	47	Retail sale in non-specialised stores			
47110	471	Retail sale in non-specialised stores with food, beverages or tobacco predominating	Adwerthu mewn siopau cyffredinol sy'n gwerthu bwydydd, diodydd a thybaco yn bennaf		
47190	471	Other retail sale in non-specialised stores	Adwerthu arall mewn siopau cyffredinol		
472	47	Retail sale of food, beverages and tobacco in specialised stores			
47210	472	Retail sale of fruit and vegetables in specialised stores	Adwerthu ffrwythau a llysiau mewn siopau arbenigol		
47220	472	Retail sale of meat and meat products in specialised stores	Adwerthu cig a chynhyrchion cig mewn siopau arbenigol		
47230	472	Retail sale of fish, crustaceans and molluscs in specialised stores	Adwerthu pysgod, cramenogion a molysgiaid mewn siopau arbenigol		
47240	472	Retail sale of bread, cakes, flour confectionery and sugar confectionery in specialised stores	Adwerthu bara, cacennau, melysion cannog a melysion siwgr mewn siopau arbenigol		
47250	472	Retail sale of beverages in specialised stores	Adwerthu diodydd mewn siopau arbenigol		
47260	472	Retail sale of tobacco products in specialised stores	Adwerthu cynhyrchion tybaco mewn siopau arbenigol		
47290	472	Other retail sale of food in specialised stores	Adwerthu bwydydd eraill mewn siopau arbenigol		
473	47	Retail sale of automotive fuel in specialised stores			
47300	473	Retail sale of automotive fuel in specialised stores	Adwerthu tanwydd cerbydau modur mewn siopau arbenigol		
474	47	Retail sale of information and communication equipment in specialised stores			
47410	474	Retail sale of computers, peripheral units and software in specialised stores	Adwerthu cyfrifiaduron, unedau perifferol a meddalwedd mewn siopau arbenigol		
47420	474	Retail sale of telecommunications equipment in specialised stores			
47421	47420	Retail sale of mobile telephones	Adwerthu teleffonau symudol		
47429	47420	Retail sale of telecommunications equipment other than mobile telephones	Adwerthu offer telathrebu ac eithrio teleffonau symudol		
47430	474	Retail sale of audio and video equipment in specialised stores	Adwerthu offer sain a fideo mewn siopau arbenigol		
475	47	Retail sale of other household equipment in specialised stores			
47510	475	Retail sale of textiles in specialised stores	Adwerthu tecstilau mewn siopau arbenigol		
47520	475	Retail sale of hardware, paints and glass in specialised stores	Adwerthu nwyddau haearn, paent a gwydr mewn siopau arbenigol		
47530	475	Retail sale of carpets, rugs, wall and floor coverings in specialised stores	Adwerthu carpedi, rygiau, a gorchuddion waliau a lloriau mewn siopau arbenigol		
47540	475	Retail sale of electrical household appliances in specialised stores	Adwerthu dyfeisiau cartref trydanol mewn siopau arbenigol		
47590	475	Retail sale of furniture, lighting equipment and other household articles in specialised stores			
47591	47590	Retail sale of musical instruments and scores	Adwerthu offerynnau cerdd a sgoriau		
47599	47590	Retail of furniture, lighting, and similar (not musical instruments or scores) in specialised store	Adwerthu celfi, goleuadau a phethau tebyg (nid offerynnau cerdd na sgoriau) mewn siopau arbenigol		
476	47	Retail sale of cultural and recreation goods in specialised stores			
47610	476	Retail sale of books in specialised stores	Adwerthu llyfrau mewn siopau arbenigol		
47620	476	Retail sale of newspapers and stationery in specialised stores	Adwerthu papurau newydd a deunyddiau ysgrifennu mewn siopau arbenigol		
47630	476	Retail sale of music and video recordings in specialised stores	Adwerthu recordiadau cerddorol a fideo mewn siopau arbenigol		
47640	476	Retail sale of sports goods, fishing gear, camping goods, boats and bicycles	Adwerthu nwyddau chwaraeon, offer pysgota, offer gwersylla, cychod a beiciau		
47650	476	Retail sale of games and toys in specialised stores	Adwerthu gemau a theganau mewn siopau arbenigol		
477	47	Retail sale of other goods in specialised stores			
47710	477	Retail sale of clothing in specialised stores	Adwerthu dillad mewn siopau arbenigol		
47720	477	Retail sale of footwear and leather goods in specialised stores			
47721	47720	Retail sale of footwear in specialised stores	Adwerthu esgidiau mewn siopau arbenigol		
47722	47720	Retail sale of leather goods in specialised stores	Adwerthu nwyddau lledr mewn siopau arbenigol		
47730	477	Dispensing chemist in specialised stores	Fferyllwyr cymwysedig mewn siop arbenigol		
47740	477	Retail sale of medical and orthopaedic goods in specialised stores			
47741	47740	Retail sale of hearing aids	Adwerthu cymhorthion clyw		
47749	47740	Retail sale of medical and orthopaedic goods in specialised stores (not incl. hearing aids) not elsewhere classified	Adwerthu nwyddau meddygol ac orthopaedig  mewn siopau arbenigol (ac eithrio cymhorthion clyw) n.dd.b.		
47750	477	Retail sale of cosmetic and toilet articles in specialised stores	Adwerthu nwyddau cosmetig ac ymolchi mewn siopau arbenigol		
47760	477	Retail sale of flowers, plants, seeds, fertilizers, pet animals and pet food in specialised stores	Adwerthu blodau, planhigion, hadau, gwrtaith, anifeiliaid anwes a bwyd anifeiliaid anwes mewn siopau arbenigol		
47770	477	Retail sale of watches and jewellery in specialised stores	Adwerthu watsys a gemwaith mewn siopau arbenigol		
47780	477	Other retail sale of new goods in specialised stores			
47781	47780	Retail sale in commercial art galleries	Adwerthu mewn orielau celf masnachol		
47782	47780	Retail sale by opticians	Adwerthu gan optegwyr		
47789	47780	Other retail sale of new goods in specialised stores (not commercial art galleries and opticians)	Adwerthu nwyddau newydd eraill mewn siopau arbenigol (nid orielau celf masnachol nac optegwyr)		
47790	477	Retail sale of second-hand goods in stores			
47791	47790	Retail sale of antiques including antique books in stores	Adwerthu hen greiriau gan gynnwys hen lyfrau mewn siopau		
47799	47790	Retail sale of other second-hand goods in stores (not incl. antiques)	Adwerthu nwyddau ail-law eraill mewn siopau (ac eithrio hen greiriau)		
478	47	Retail sale via stalls and markets			
47810	478	Retail sale via stalls and markets of food, beverages and tobacco products	Adwerthu bwydydd, diodydd a chynhyrchion tybaco o stondinau a thrwy farchnadoedd		
47820	478	Retail sale via stalls and markets of textiles, clothing and footwear	Adwerthu tecstilau, dillad ac esgidiau o stondinau a thrwy farchnadoedd		
47890	478	Retail sale via stalls and markets of other goods	Adwerthu nwyddau eraill o stondinau a thrwy farchnadoedd		
479	47	Retail trade not in stores, stalls or markets			
47910	479	Retail sale via mail order houses or via Internet	Adwerthu trwy'r post neu dros y Rhyngrwyd		
47990	479	Other retail sale not in stores, stalls or markets	Adwerthu arall heb fod mewn siopau, o stondinau neu drwy farchnadoedd		
49	H	Land transport and transport via pipelines			
491	49	Passenger rail transport, interurban			
49100	491	Passenger rail transport, interurban	Cludo teithwyr ar y rheilffordd, rhyngdrefol		
492	49	Freight rail transport			
49200	492	Freight rail transport	Cludo nwyddau ar y rheilffordd		
493	49	Other passenger land transport			
49310	493	Urban and suburban passenger land transport			
49311	49310	Urban and suburban passenger railway transportation by underground, metro and similar systems	Cludo teithwyr trefol a maestrefol ar systemau rheilffyrdd tanddaearol, metro a systemau tebyg		
49319	49310	Other urban, suburban or metropolitan passenger land transport (not underground, metro or similar)	Cludo teithwyr trefol, maestrefol neu ddinesig dros y tir (nid systemau tanddaearol, metro na'u tebyg)		
49320	493	Taxi operation	Busnes tacsi		
49390	493	Other passenger land transport	Dulliau eraill o gludo teithwyr ar y tir		
494	49	Freight transport by road and removal services			
49410	494	Freight transport by road	Cludo nwyddau ar y ffyrdd		
49420	494	Removal services	Gwasanaethau mudo		
495	49	Transport via pipeline			
49500	495	Transport via pipeline	Trafnidiaeth trwy lein beipiau		
50	H	Water transport			
501	50	Sea and coastal passenger water transport			
50100	501	Sea and coastal passenger water transport	Cludo teithwyr ar ddyfroedd morol ac arfordirol		
502	50	Sea and coastal freight water transport			
50200	502	Sea and coastal freight water transport	Cludo nwyddau ar ddyfroedd morol ac arfordirol		
503	50	Inland passenger water transport			
50300	503	Inland passenger water transport	Cludo teithwyr ar ddyfroedd mewndirol		
504	50	Inland freight water transport			
50400	504	Inland freight water transport	Cludo nwyddau ar ddyfroedd mewndirol		
51	H	Air transport			
511	51	Passenger air transport			
51100	511	Passenger air transport			
51101	51100	Scheduled passenger air transport	Trafnidiaeth a raglennir ar gyfer teithwyr awyr		
51102	51100	Non-scheduled passenger air transport	Trafnidiaeth na raglennir ar gyfer teithwyr awyr		
512	51	Freight air transport and space transport			
51210	512	Freight air transport	Trafnidiaeth awyr ar gyfer nwyddau		
51220	512	Space transport	Trafnidiaeth y gofod		
52	H	Warehousing and support activities for transportation			
521	52	Warehousing and storage			
52100	521	Warehousing and storage			
52101	52100	Operation of warehousing and storage facilities for water transport activities	Gweithredu stordai a chyfleusterau storio ar gyfer gweithgareddau cludo ar y dŵr		
52102	52100	Operation of warehousing and storage facilities for air transport activities	Gweithredu stordai a chyfleusterau storio ar gyfer gweithgareddau cludo yn yr awyr		
52103	52100	Operation of warehousing and storage facilities for land transport activities	Gweithredu stordai a chyfleusterau storio ar gyfer gweithgareddau cludo ar y tir		
522	52	Support activities for transportation			
52210	522	Service activities incidental to land transportation			
52211	52210	Operation of rail freight terminals	Gweithredu terfynellau cludo nwyddau ar y rheilffyrdd		
52212	52210	Operation of rail passenger facilities at railway stations	Gweithredu cyfleusterau ar gyfer teithwyr mewn gorsafoedd rheilffordd		
52213	52210	Operation of bus and coach passenger facilities at bus and coach stations	Gweithredu cyfleusterau ar gyfer teithwyr mewn gorsafoedd bysiau a choetsys		
52219	52210	Other service activities incidental to land transportation, not elsewhere classified	Gwasanaethau eraill sydd ynghlwm wrth drafnidiaeth dros y tir, n.dd.b.		
52220	522	Service activities incidental to water transportation	Gwasanaethau sydd ynghlwm wrth drafnidiaeth ar y dŵr		
52230	522	Service activities incidental to air transportation	Gwasanaethau sydd ynghlwm wrth drafnidiaeth awyr		
52240	522	Cargo handling			
52241	52240	Cargo handling for water transport activities	Dosbarthu cargo ar gyfer gweithgareddau trafnidiaeth ar y dŵr		
52242	52240	Cargo handling for air transport activities	Dosbarthu cargo ar gyfer gweithgareddau trafnidiaeth awyr		
52243	52240	Cargo handling for land transport activities	Dosbarthu cargo ar gyfer gweithgareddau trafnidiaeth dros y tir		
52290	522	Other transportation support activities	Gweithgareddau eraill sy'n ategu trafnidiaeth		
53	H	Postal and courier activities			
531	53	Postal activities under universal service obligation			
53100	531	Postal activities under universal service obligation	Gweithgareddau post o dan rhwymedigaeth gwasanaeth gyffredinol		
532	53	Other postal and courier activities			
53200	532	Other postal and courier activities			
53201	53200	Licensed carriers	Cludwr trwyddedig		
53202	53200	Unlicensed carriers	Cludwr didrwydded		
55	I	Accommodation			
551	55	Hotels and similar accommodation			
55100	551	Hotels and similar accommodation	Gwestai a llety tebyg		
552	55	Holiday and other short-stay accommodation			
55200	552	Holiday and other short-stay accommodation			
55201	55200	Holiday centres and villages	Canolfannau a phentrefi gwyliau		
55202	55200	Youth hostels	Hostelau ieuenctid		
55209	55200	Other holiday and other collective accommodation	Llety gwyliau arall a mathau eraill o lety torfol		
553	55	Camping grounds, recreational vehicle parks and trailer parks			
55300	553	Recreational vehicle parks, trailer parks and camping grounds	Parciau cerbydau hamdden, parciau trelars a meysydd gwersylla		
559	55	Other accommodation			
55900	559	Other accommodation	Llety arall		
56	I	Food and beverage service activities			
561	56	Restaurants and mobile food service activities			
56100	561	Restaurants and mobile food service activities			
56101	56100	Licenced restaurants	Tai bwyta trwyddedig		
56102	56100	Unlicenced restaurants and cafes	Tai bwyta a chaffis didrwydded		
56103	56100	Take-away food shops and mobile food stands	Siopau prydau parod a stondinau bwyd symudol		
562	56	Event catering and other food service activities			
56210	562	Event catering activities	Gweithgareddau arlwyo ar gyfer digwyddiadau		
56290	562	Other food services	Gwasanaethau bwyd eraill		
563	56	Beverage serving activities			
56300	563	Beverage serving activities			
56301	56300	Licenced clubs	Clybiau trwyddedig		
56302	56300	Public houses and bars	Tafarndai  a bariau		
58	J	Publishing activities			
581	58	Publishing of books, periodicals and other publishing activities			
58110	581	Book publishing	Cyhoeddi llyfrau		
58120	581	Publishing of directories and mailing lists	Cyhoeddi cyfeirlyfrau a rhestrau postio		
58130	581	Publishing of newspapers	Cyhoeddi papurau newydd		
58140	581	Publishing of journals and periodicals			
58141	58140	Publishing of learned journals	Cyhoeddi cyfnodolion dysgedig		
58142	58140	Publishing of  consumer and business journals and periodicals	Cyhoeddi cyfnodolion a newyddiaduron i ddefnyddwyr a busnesau		
58190	581	Other publishing activities	Gweithgareddau cyhoeddi eraill		
582	58	Software publishing			
58210	582	Publishing of computer games	Cyhoeddi gemau cyfrifiadur		
58290	582	Other software publishing	Cyhoeddi meddalwedd arall		
59	J	Motion picture, video and television programme production, sound recording and music publishing activities			
591	59	Motion picture, video and television programme activities			
59110	591	Motion picture, video and television programme production activities			
59111	59110	Motion picture production activities	Gweithgareddau cynhyrchu ffilmiau		
59112	59110	Video production activities	Gweithgareddau cynhyrchu fideo		
59113	59110	Television programme production activities	Gweithgareddau cynhyrchu rhaglenni teledu		
59120	591	Motion picture, video and television programme post-production activities	Gweithgareddau ôl-gynhyrchu ar gyfer ffilmiau, fideo a rhaglenni teledu		
59130	591	Motion picture, video and television programme distribution activities			
59131	59130	Motion picture distribution activities	Gweithgareddau dosbarthu ffilmiau		
59132	59130	Video distribution activities	Gweithgareddau dosbarthu fideo		
59133	59130	Television programme distribution activities	Gweithgareddau dosbarthu rhaglenni teledu		
59140	591	Motion picture projection activities	Gweithgareddau taflunio ffilmiau		
592	59	Sound recording and music publishing activities			
59200	592	Sound recording and music publishing activities	Gweithgareddau recordio sain a chyhoeddi cerddoriaeth		
60	J	Programming and broadcasting activities			
601	60	Radio broadcasting			
60100	601	Radio broadcasting	Darlledu ar y radio		
602	60	Television programming and broadcasting activities			
60200	602	Television programming and broadcasting activities	Gweithgareddau rhaglennu a darlledu ar y teledu		
61	J	Telecommunications			
611	61	Wired telecommunications activities			
61100	611	Wired telecommunications activities	Gweithgareddau telathrebu â gwifrau		
612	61	Wireless telecommunications activities			
61200	612	Wireless telecommunications activities	Gweithgareddau telathrebu diwifr		
613	61	Satellite telecommunications activities			
61300	613	Satellite telecommunications activities	Gweithgareddau telathrebu drwy loeren		
619	61	Other telecommunications activities			
61900	619	Other telecommunications activities	Gweithgareddau telathrebu eraill		
62	J	Computer programming, consultancy and related activities			
620	62	Computer programming, consultancy and related activities			
62010	620	Computer programming activities			
62011	62010	Ready-made interactive leisure and entertainment software development	Datblygu meddalwedd hamdden ac adloniant ryngweithiol barod		
62012	62010	Business and domestic software development	Datblygu meddalwedd busnes a domestig		
62020	620	Information technology consultancy activities	Gweithgareddau ymgynghoriaeth ym maes technoleg gwybodaeth		
62030	620	Computer facilities management activities	Gweithgareddau rheoli cyfleusterau cyfrifiadurol		
62090	620	Other information technology service activities	Gweithgareddau eraill ym maes gwasanaethau technoleg gwybodaeth		
63	J	Information service activities			
631	63	Data processing, hosting and related activities; web portals			
63110	631	Data processing, hosting and related activities	Prosesu a lletya data a gweithgareddau cysylltiedig		
63120	631	Web portals	Pyrth ar y we		
639	63	Other information service activities			
63910	639	News agency activities	Gweithgareddau asiantaethau newyddion		
63990	639	Other information service activities not elsewhere classified	Gweithgareddau gwasanaethau gwybodaeth eraill n.dd.b.		
64	K	Financial service activities, except insurance and pension funding			
641	64	Monetary intermediation			
64110	641	Central banking	Bancio canolog		
64190	641	Other monetary intermediation			
64191	64190	Banks	Banciau		
64192	64190	Building societies	Cymdeithasau adeiladu		
642	64	Activities of holding companies			
64200	642	Activities of holding companies			
64201	64200	Activities of agricultural holding companies	Gweithgareddau cwmnïau daliannol ym maes amaeth		
64202	64200	Activities of production holding companies	Gweithgareddau cwmnïau daliannol ym maes cynhyrchu		
64203	64200	Activities of construction holding companies	Gweithgareddau cwmnïau daliannol ym maes adeiladu		
64204	64200	Activities of distribution holding companies	Gweithgareddau cwmnïau daliannol ym maes dosbarthu		
64205	64200	Activities of financial services holding companies	Gweithgareddau cwmnïau daliannol ym maes gwasanaethau ariannol		
64209	64200	Activities of other holding companies not elsewhere classified	Gweithgareddau cwmnïau daliannol eraill n.dd.b.		
643	64	Trusts, funds and similar financial entities			
64300	643	Trusts, funds and similar financial entities			
64301	64300	Activities of investment trusts	Gweithgareddau ymddiriedolaethau buddsoddi		
64302	64300	Activities of unit trusts	Gweithgareddau ymddiriedolaethau unedol		
64303	64300	Activities of venture and development capital companies	Gweithgareddau cwmnïau cyfalaf mentro a datblygu		
64304	64300	Activities of open-ended investment companies	Gweithgareddau cwmnïau buddsoddi penagored		
64305	64300	Activities of property unit trusts	Gweithgareddau ymddiriedolaethau eiddo unedol		
64306	64300	Activities of real estate investment trusts	Gweithgareddau ymddiriedolaethau buddsoddi mewn eiddo diriaethol		
649	64	Other financial service activities, except insurance and pension funding			
64910	649	Financial leasing	Prydlesu ariannol		
64920	649	Other credit granting			
64921	64920	Credit granting by non-deposit taking finance houses and other specialist consumer credit grantors	Ariandai sy'n rhoi credyd nad ydynt yn cymryd adnau a darparwyr credyd arbenigol eraill i ddefnyddwyr		
64922	64920	Activities of mortgage finance companies	Gweithgareddau cwmnïau ariannu morgeisi		
64929	64920	Other credit granting not elsewhere classified	Darparwyr credyd eraill n.dd.b.		
64990	649	Other financial service activities, except insurance and pension funding, not elsewhere classified			
64991	64990	Security dealing on own account	Gwerthu gwarannau ar ei gyfrif ei hun		
64992	64990	Factoring	Asiantau masnachol		
64999	64990	Financial intermediation not elsewhere classified	Mathau eraill o ryngoli ariannol na ddosbarthwyd fel arall		
65	K	Insurance, reinsurance and pension funding, except compulsory social security			
651	65	Insurance			
65110	651	Life insurance	Yswiriant bywyd		
65120	651	Non-life insurance	Yswiriant nad yw'n yswiriant bywyd		
652	65	Reinsurance			
65200	652	Reinsurance			
65201	65200	Life reinsurance	Ailyswirio bywydau		
65202	65200	Non-life reinsurance	Ailyswirio pethau heblaw bywyd		
653	65	Pension funding			
65300	653	Pension funding	Ariannu pensiynau		
66	K	Activities auxiliary to financial services and insurance activities			
661	66	Activities auxiliary to financial services, except insurance and pension funding			
66110	661	Administration of financial markets	Gweinyddu marchnadoedd ariannol		
66120	661	Security and commodity contracts dealing activities	Gweithgareddau masnachu contractau nwyddau a gwarannau		
66190	661	Activities auxiliary to financial intermediation not elsewhere classified	Gweithgareddau atodol o ran rhyngoli ariannol n.dd.b.		
662	66	Activities auxiliary to insurance and pension funding			
66210	662	Risk and damage evaluation	Gwerthuso risg a difrod		
66220	662	Activities of insurance agents and brokers	Gweithgareddau asiantau a broceriaid yswiriant		
66290	662	Other activities auxiliary to insurance and pension funding	Gweithgareddau atodol eraill ym maes ariannu yswiriant a phensiynau		
663	66	Fund management activities			
66300	663	Fund management activities	Gweithgareddau rheoli cronfeydd		
68	L	Real estate activities			
681	68	Buying and selling of own real estate			
68100	681	Buying and selling of own real estate	Prynu a gwerthu eich eiddo diriaethol eich hun		
682	68	Renting and operating of own or leased real estate			
68200	682	Renting and operating of own or leased real estate			
68201	68200	Renting and operating of Housing Association real estate	Rhentu a rheoli eiddo diriaethol Cymdeithas Tai		
68202	68200	Letting and operating of conference and exhibition centres	Gosod a rheoli canolfannau cynadledda ac arddangos		
68209	68200	Other letting and operating of own or leased real estate	Gosod a rheoli eich eiddo diriaethol arall eich hun neu ar brydles		
683	68	Real estate activities on a fee or contract basis			
68310	683	Real estate agencies	Asiantaethau eiddo diriaethol		
68320	683	Management of real estate on a fee or contract basis	Rheoli eiddo diriaethol am ffi neu ar gontract		
69	M	Legal and accounting activities			
691	69	Legal activities			
69100	691	Legal activities			
69101	69100	Barristers at law	Bargyfreithwyr sy'n ymarfer y gyfraith		
69102	69100	Solicitors	Cyfreithwyr		
69109	69100	Activities of patent and copyright agents; other legal activities not elsewhere classified	Gweithgareddau asiantau patent a hawlfraint; gweithgareddau cyfreithiol eraill n.dd.b.		
692	69	Accounting, bookkeeping and auditing activities; tax consultancy			
69200	692	Accounting, bookkeeping and auditing activities; tax consultancy			
69201	69200	Accounting and auditing activities	Gweithgareddau cyfrifyddu ac archwilio		
69202	69200	Bookkeeping activities	Gweithgareddau cadw cyfrifon		
69203	69200	Tax consultancy	Ymgynghoriaeth ar drethi		
70	M	Activities of head offices; management consultancy activities			
701	70	Activities of head offices			
70100	701	Activities of head offices	Gweithgareddau pencadlysoedd		
702	70	Management consultancy activities			
70210	702	Public relations and communications activities	Gweithgareddau cysylltiadau cyhoeddus a chyfathrebu		
70220	702	Business and other management consultancy activities			
70221	70220	Financial management	Rheolaeth ariannol		
70229	70220	Management consultancy activities other than financial management	Gweithgareddau ymgynghoriaeth ar faterion rheoli ac eithrio rheolaeth ariannol		
71	M	Architectural and engineering activities; technical testing and analysis			
711	71	Architectural and engineering activities and related technical consultancy			
71110	711	Architectural activities			
71111	71110	Architectural activities	Gweithgareddau pensaernïol		
71112	71110	Urban planning and landscape architectural activities	Gweithgareddau cynllunio trefol a phensaernïaeth y dirwedd		
71120	711	Engineering activities and related technical consultancy			
71121	71120	Engineering design activities for industrial process and production	Gweithgareddau dylunio peirianneg ar gyfer prosesau a chynhyrchu diwydiannol		
71122	71120	Engineering related scientific and technical consulting activities	Gweithgareddau ymgynghori gwyddonol a thechnegol ym maes peirianneg		
71129	71120	Other engineering activities	Gweithgareddau peirianneg eraill		
712	71	Technical testing and analysis			
71200	712	Technical testing and analysis	Profi a dadansoddi technegol		
72	M	Scientific research and development			
721	72	Research and experimental development on natural sciences and engineering			
72110	721	Research and experimental development on biotechnology	Gwaith ymchwil a datblygu arbrofol ym maes biodechnoleg		
72190	721	Other research and experimental development on natural sciences and engineering	Gwaith ymchwil a datblygu arbrofol arall ym maes peirianneg a'r gwyddorau natur		
722	72	Research and experimental development on social sciences and humanities			
72200	722	Research and experimental development on social sciences and humanities	Gwaith ymchwil a datblygu arbrofol ym maes y gwyddorau cymdeithasol a'r dyniaethau		
73	M	Advertising and market research			
731	73	Advertising			
73110	731	Advertising agencies	Asiantaethau hysbysebu		
73120	731	Media representation services	Gwasanaethau cynrychiolaeth ym maes y cyfryngau		
732	73	Market research and public opinion polling			
73200	732	Market research and public opinion polling	Ymchwil i'r farchnad ac arolygon barn		
74	M	Other professional, scientific and technical activities			
741	74	Specialised design activities			
74100	741	specialised design activities	Gweithgareddau dylunio arbenigol		
742	74	Photographic activities			
74200	742	Photographic activities			
74201	74200	Portrait photographic activities	Gweithgareddau portreadu ffotograffig		
74202	74200	Other specialist photography	Mathau eraill o ffotograffiaeth arbenigol		
74203	74200	Film processing	Prosesu ffilmiau		
74209	74200	Photographic activities not elsewhere classified	Gweithgareddau ffotograffig na ddosbarthwyd yn benodol		
743	74	Translation and interpretation activities			
74300	743	Translation and interpretation activities	Gweithgareddau cyfieithu a chyfieithu ar y pryd		
749	74	Other professional, scientific and technical activities not elsewhere classified			
74900	749	Other professional, scientific and technical activities not elsewhere classified			
74901	74900	Environmental consulting activities	Gweithgareddau ymgynghori amgylcheddol		
74902	74900	Quantity surveying activities	Gweithgareddau mesur meintiau		
74909	74900	Other professional, scientific and technical activities not elsewhere classified	Gweithgareddau proffesiynol, gwyddonol a thechnegol n.dd.b.		
74990	749	Non-trading company non trading	Cwmni anfasnachol		
75	M	Veterinary activities			
750	75	Veterinary activities			
75000	750	Veterinary activities	Gweithgareddau milfeddygol		
77	N	Rental and leasing activities			
771	77	Renting and leasing of motor vehicles			
77110	771	Renting and leasing of cars and light motor vehicles	Rhentu a phrydlesu ceir a cherbydau modur ysgafn		
77120	771	Renting and leasing of trucks and other heavy vehicles	Rhentu a phrydlesu tryciau a cherbydau trwm eraill		
772	77	Renting and leasing of personal and household goods			
77210	772	Renting and leasing of recreational and sports goods	Rhentu a phrydlesu nwyddau hamdden a chwaraeon		
77220	772	Renting of video tapes and disks	Rhentu tapiau a disgiau fideo		
77290	772	Renting and leasing of other personal and household goods			
77291	77290	Renting and leasing of media entertainment equipment	Rhentu a phrydlesu cyfarpar y cyfryngau adloniant		
77299	77290	Renting and leasing of other personal and household goods	Rhentu a phrydlesu nwyddau personol a chartref eraill		
773	77	Renting and leasing of other machinery, equipment and tangible goods			
77310	773	Renting and leasing of agricultural machinery and equipment	Rhentu a phrydlesu peiriannau a chyfarpar amaethyddol		
77320	773	Renting and leasing of construction and civil engineering machinery and equipment	Rhentu a phrydlesu peiriannau a chyfarpar adeiladu a pheirianneg sifil		
77330	773	Renting and leasing of office machinery and equipment (including computers)	Rhentu a phrydlesu peiriannau a chyfarpar swyddfa (gan gynnwys cyfrifiaduron)		
77340	773	Renting and leasing of water transport equipment			
77341	77340	Renting and leasing of passenger water transport equipment	Rhentu a phrydlesu cyfarpar i gludo teithwyr ar y dŵr		
77342	77340	Renting and leasing of freight water transport equipment	Rhentu a phrydlesu cyfarpar i gludo nwyddau ar y dŵr		
77350	773	Renting and leasing of air transport equipment			
77351	77350	Renting and leasing of air passenger transport equipment	Rhentu a phrydlesu cyfarpar i gludo teithwyr yn yr awyr		
77352	77350	Renting and leasing of freight air transport equipment	Rhentu a phrydlesu cyfarpar i gludo nwyddau yn yr awyr		
77390	773	Renting and leasing of other machinery, equipment and tangible goods not elsewhere classified	Rhentu a phrydlesu peiriannau, cyfarpar a nwyddau diriaethol eraill n.dd.b.		
774	77	Leasing of intellectual property and similar products, except copyrighted works			
77400	774	Leasing of intellectual property and similar products, except copyright works	Prydlesu eiddo deallusol a chynnyrch tebyg, ac eithrio gwaith hawlfraint		
78	N	Employment activities			
781	78	Activities of employment placement agencies			
78100	781	Activities of employment placement agencies			
78101	78100	Motion picture, television and other theatrical casting activities	Gweithgareddau castio ar gyfer ffilmiau, y teledu a gweithgareddau theatraidd eraill		
78109	78100	Other activities of employment placement agencies	Gweithgareddau eraill asiantaethau canfod cyflogaeth		
782	78	Temporary employment agency activities			
78200	782	Temporary employment agency activities	Gweithgareddau asiantaethau canfod cyflogaeth dros dro		
783	78	Other human resources provision			
78300	783	Human resources provision and management of human resources functions	Darparu gwasanaethau adnoddau dynol a rheoli swyddogaethau adnoddau dynol		
79	N	Travel agency, tour operator and other reservation service and related activities			
791	79	Travel agency and tour operator activities			
79110	791	Travel agency activities	Gweithgareddau asiantaethau teithio		
79120	791	Tour operator activities	Gweithgareddau trefnwyr teithiau		
799	79	Other reservation service and related activities			
79900	799	Other reservation service and related activities			
79901	79900	Activities of tourist guides	Gweithgareddau tywyswyr twristiaid		
79909	79900	Other reservation service activities not elsewhere classified	Gweithgareddau gwasanaethau bwcio a chadw eraill n.dd.b.		
80	N	Security and investigation activities			
801	80	Private security activities			
80100	801	Private security activities	Gweithgareddau diogelwch preifat		
802	80	Security systems service activities			
80200	802	Security systems service activities	Gweithgareddau gwasanaethau systemau diogelwch		
803	80	Investigation activities			
80300	803	Investigation activities	Gwasanaethau ymholi		
81	N	Services to buildings and landscape activities			
811	81	Combined facilities support activities			
81100	811	Combined facilities support activities	Gweithgareddau cynnal cyfleusterau cyfunol		
812	81	Cleaning activities			
81210	812	General cleaning of buildings	Glanhau cyffredinol mewn adeiladau		
81220	812	Other building and industrial cleaning activities			
81221	81220	Window cleaning services	Gwasanaethau glanhau ffenestri		
81222	81220	Specialised cleaning services	Gwasanaethau glanhau arbenigol		
81223	81220	Furnace and chimney cleaning services	Gwasanaethau glanhau ffwrneisi a simneiau		
81229	81220	Other building and industrial cleaning activities	Gweithgareddau eraill ym maes glanhau adeiladau a glanhau diwydiannol		
81290	812	Other cleaning activities			
81291	81290	Disinfecting and exterminating services	Gweithgareddau diheintio a difodi		
81299	81290	Other cleaning services	Gwasanaethau glanhau eraill		
813	81	Landscape service activities			
81300	813	Landscape service activities	Gweithgareddau gwasanaethau'r dirwedd		
82	N	Office administrative, office support and other business support activities			
821	82	Office administrative and support activities			
82110	821	Combined office administrative service activities	Gweithgareddau gwasanaethau gweinyddol cyfunol mewn swyddfeydd		
82190	821	Photocopying, document preparation and other specialised office support activities	Llungopïo, paratoi dogfennau a gweithgareddau cymorth arbenigol eraill ar gyfer swyddfeydd		
822	82	Activities of call centres			
82200	822	Activities of call centres	Gweithgareddau canolfannau galwadau		
823	82	Organisation of conventions and trade shows			
82300	823	Organisation of conventions and trade shows			
82301	82300	Activities of exhibition and fair organisers	Gweithgareddau trefnu arddangosfeydd a ffeiriau		
82302	82300	Activities of conference organisers	Gweithgareddau trefnu cynadleddau		
829	82	Business support service activities not elsewhere classified			
82910	829	Activities of collection agencies and credit bureaus			
82911	82910	Activities of collection agencies	Gweithgareddau asiantaethau casglu		
82912	82910	Activities of credit bureaus	Gweithgareddau canolfannau credyd		
82920	829	Packaging activities	Gweithgareddau pecynnu		
82990	829	Other business support service activities not elsewhere classified	Gweithgareddau gwasanaethau cymorth busnes eraill n.dd.b.		
84	O	Public administration and defence; compulsory social security			
841	84	Administration of the State and the economic and social policy of the community			
84110	841	General public administration activities	Gweithgareddau cyffredinol ym maes gweinyddiaeth gyhoeddus		
84120	841	Regulation of health care, education, cultural and other social services, not incl. social security	Rheoleiddio gofal iechyd, addysg, diwylliant a gwasanaethau cymdeithasol eraill, heblaw nawdd cymdeithasol		
84130	841	Regulation of and contribution to more efficient operation of businesses	Rheoleiddio busnesau a'u helpu i weithredu'n fwy effeithlon		
842	84	Provision of services to the community as a whole			
84210	842	Foreign affairs	Materion tramor		
84220	842	Defence activities	Gweithgareddau amddiffyn		
84230	842	Justice and judicial activities	Gweithgareddau cyfiawnder a barnwrol		
84240	842	Public order and safety activities	Gweithgareddau'r drefn gyhoeddus a diogelwch		
84250	842	Fire service activities	Gweithgareddau gwasanaethau tân		
843	84	Compulsory social security activities			
84300	843	Compulsory social security activities	Gweithgareddau gorfodol nawdd cymdeithasol		
85	P	Education			
851	85	Pre-primary education			
85100	851	Pre-primary education	Addysg cyn oedran cynradd		
852	85	Primary education			
85200	852	Primary education	Addysg gynradd		
853	85	Secondary education			
85310	853	General secondary education	Addysg uwchradd gyffredinol		
85320	853	Technical and vocational secondary education	Addysg uwchradd dechnegol a galwedigaethol		
854	85	Higher education			
85410	854	Post-secondary non-tertiary education	Addysg ôl-uwchradd nad yw'n drydyddol		
85420	854	Tertiary education			
85421	85420	First-degree level higher education	Addysg uwch lefel gradd gyntaf		
85422	85420	Post-graduate level higher education	Addysg uwch lefel olraddedig		
855	85	Other education			
85510	855	Sports and recreation education	Addysg chwaraeon a hamdden		
85520	855	Cultural education	Addysg ddiwylliannol		
85530	855	Driving school activities	Gweithgareddau ysgolion gyrru		
85590	855	Other education not elsewhere classified	Addysg arall n.dd.b.		
856	85	Educational support activities			
85600	856	Educational support services	Gwasanaethau cymorth addysg		
86	Q	Human health activities			
861	86	Hospital activities			
86100	861	Hospital activities			
86101	86100	Hospital activities	Gweithgareddau ysbytai		
86102	86100	Medical nursing home activities	Gweithgareddau cartrefi nyrsio meddygol		
862	86	Medical and dental practice activities			
86210	862	General medical practice activities	Gweithgareddau practisau meddygol cyffredinol		
86220	862	Specialists medical practice activities	Gweithgareddau practisau meddygol arbenigol		
86230	862	Dental practice activities	Gweithgareddau practisau deintyddol		
869	86	Other human health activities			
86900	869	Other human health activities	Gweithgareddau eraill ym maes iechyd y cyhoedd		
87	Q	Residential care activities			
871	87	Residential nursing care activities			
87100	871	Residential nursing care facilities	Cyfleusterau gofal nyrsio preswyl		
872	87	Residential care activities for learning disabilities, mental health and substance abuse			
87200	872	Residential care activities for learning difficulties, mental health and substance abuse	Gweithgareddau gofal preswyl ar gyfer anawsterau dysgu, iechyd meddwl a cham-drin sylweddau		
873	87	Residential care activities for the elderly and disabled			
87300	873	Residential care activities for the elderly and disabled	Gweithgareddau gofal preswyl ar gyfer pobl oedrannus ac anabl		
879	87	Other residential care activities			
87900	879	Other residential care activities not elsewhere classified	Gweithgareddau eraill ym maes gofal preswyl n.dd.b.		
88	Q	Social work activities without accommodation			
881	88	Social work activities without accommodation for the elderly and disabled			
88100	881	Social work activities without accommodation for the elderly and disabled	Gweithgareddau gwaith cymdeithasol heb lety ar gyfer pobl oedrannus ac anabl		
889	88	Other social work activities without accommodation			
88910	889	Child day-care activities	Gweithgareddau gofal dydd i blant		
88990	889	Other social work activities without accommodation not elsewhere classified	Gweithgareddau gofal cymdeithasol eraill heb lety n.dd.b.		
90	R	Creative, arts and entertainment activities			
900	90	Creative, arts and entertainment activities			
90010	900	Performing arts	Y celfyddydau perfformio		
90020	900	Support activities to performing arts	Gweithgareddau cymorth ym maes y celfyddydau perfformio		
90030	900	Artistic creation	Creu artistig		
90040	900	Operation of arts facilities	Rheoli cyfleusterau ar gyfer y celfyddydau		
91	R	Libraries, archives, museums and other cultural activities			
910	91	Libraries, archives, museums and other cultural activities			
91010	910	Library and archive activities			
91011	91010	Library activities	Gweithgareddau llyfrgelloedd		
91012	91010	Archives activities	Gweithgareddau archifau		
91020	910	Museums activities	Gweithgareddau amgueddfeydd		
91030	910	Operation of historical sites and buildings and similar visitor attractions	Gweithredu safleoedd ac adeiladau hanesyddol ac atyniadau tebyg i ymwelwyr		
91040	910	Botanical and zoological gardens and nature reserves activities	Gweithgareddau gerddi botanegol a sŵolegol a gwarchodfeydd natur		
92	R	Gambling and betting activities			
920	92	Gambling and betting activities			
92000	920	Gambling and betting activities	Gweithgareddau gamblo a betio		
93	R	Sports activities and amusement and recreation activities			
931	93	Sports activities			
93110	931	Operation of sports facilities	Gweithredu cyfleusterau chwaraeon		
93120	931	Activities of sport clubs	Gweithgareddau clybiau chwaraeon		
93130	931	Fitness facilities	Cyfleusterau ffitrwydd		
93190	931	Other sports activities			
93191	93190	Activities of racehorse owners	Gweithgareddau perchnogion ceffylau rasio		
93199	93190	Other sports activities	Gweithgareddau chwaraeon eraill		
932	93	Amusement and recreation activities			
93210	932	Activities of amusement parks and theme parks	Gweithgareddau parciau diddanu a pharciau thema		
93290	932	Other amusement and recreation activities not elsewhere classified	Gweithgareddau diddanu a hamdden eraill n.dd.b.		
94	S	Activities of membership organisations			
941	94	Activities of business, employers and professional membership organisations			
94110	941	Activities of business and employers membership organisations	Gweithgareddau sefydliadau i aelodau ym myd busnes a chyflogwyr		
94120	941	Activities of professional membership organisations	Gweithgareddau sefydliadau proffesiynol i aelodau		
942	94	Activities of trade unions			
94200	942	Activities of trade unions	Gweithgareddau undebau llafur		
949	94	Activities of other membership organisations			
94910	949	Activities of religious organisations	Gweithgareddau sefydliadau crefyddol		
94920	949	Activities of political organisations	Gweithgareddau sefydliadau gwleidyddol		
94990	949	Activities of other membership organisations not elsewhere classified	Gweithgareddau sefydliadau aelodaeth eraill n.dd.b.		
95	S	Repair of computers and personal and household goods			
951	95	Repair of computers and communication equipment			
95110	951	Repair of computers and peripheral equipment	Atgyweirio cyfrifiaduron a'u perifferolion		
95120	951	Repair of communication equipment	Atgyweirio cyfarpar cyfathrebu		
952	95	Repair of personal and household goods			
95210	952	Repair of consumer electronics	Atgyweirio cyfarpar electronig i ddefnyddwyr		
95220	952	Repair of household appliances and home and garden equipment	Atgyweirio dyfeisiau cartref a chyfarpar y cartref a'r ardd		
95230	952	Repair of footwear and leather goods	Atgyweirio esgidiau a nwyddau lledr		
95240	952	Repair of furniture and home furnishings	Atgyweirio celfi ac eitemau dodrefnu'r cartref		
95250	952	Repair of watches, clocks and jewellery	Atgyweirio watsys, clociau a gemwaith		
95290	952	Repair of personal and household goods not elsewhere classified	Atgyweirio nwyddau personol a chartref eraill n.dd.b.		
96	S	Other personal service activities			
960	96	Other personal service activities			
96010	960	Washing and (dry-)cleaning of textile and fur products	Golchi a glanhau (sychlanhau) cynhyrchion tecstilau a ffwr		
96020	960	Hairdressing and other beauty treatment	Trin gwallt a thriniaethau harddwch eraill		
96030	960	Funeral and related activities	Angladdau a gweithgareddau cysylltiedig		
96040	960	Physical well-being activities	Gweithgareddau lles corfforol		
96090	960	Other service activities not elsewhere classified	Gweithgareddau gwasanaethau eraill n.dd.b.		
97	T	Activities of households as employers of domestic personnel			
970	97	Activities of households as employers of domestic personnel			
97000	970	Activities of households as employers of domestic personnel	Gweithgareddau aelwydydd fel cyflogwyr gweithwyr domestig		
98	T	Undifferentiated goods- and services-producing activities of private households for own use			
98000		Residents property management	Rheolaeth trigolion dros eiddo		
981	98	Undifferentiated goods-producing activities of private households for own use			
98100	981	Undifferentiated goods-producing activities of private households for own use	Gweithgareddau diwahaniaeth aelwydydd preifat i gynhyrchu nwyddau at eu defnydd eu hunain		
982	98	Undifferentiated service-producing activities of private households for own use			
98200	982	Undifferentiated service-producing activities of private households for own use	Gweithgareddau diwahaniaeth aelwydydd preifat i gynhyrchu gwasanaethau at eu defnydd eu hunain		
99	U	Activities of extraterritorial organisations and bodies			
990	99	Activities of extraterritorial organisations and bodies			
99000	990	Activities of extraterritorial organisations and bodies	Gweithgareddau sefydliadau a chyrff alldiriogaethol		
99999		Dormant Company	Cwmni Segur		
A		Agriculture, Forestry and Fishing	Amaethyddiaeth, Coedwigaeth a Physgota		
B		Mining and Quarrying	Mwyngloddio a Chwarela		
C		Manufacturing	Gweithgynhyrchu		
D		Electricity, gas, steam and air conditioning supply	Cyflenwi trydan, nwy, stêm a thymherwyr awyr		
E		Water supply, sewerage, waste management and remediation activities	Gweithgareddau cyflenwi dŵr, carthffosiaeth, rheoli ac adfer gwastraff		
F		Construction	Adeiladu		
G		Wholesale and retail trade; repair of motor vehicles and motorcycles	Masnachu trwy gyfanwerthu ac adwerthu; atgyweirio cerbydau modur a beiciau modur		
H		Transportation and storage	Cludio a storio		
I		Accommodation and food service activities	Gweithgareddau llety a gwasanaethau bwyd eraill		
J		Information and communication	Gwybodaeth a chyfathrebu		
K		Financial and insurance activities	Gweithgareddau ariannol ac yswiriant		
L		Real estate activities	Gweithgareddau eiddo diriaethol		
M		Professional, scientific and technical activities	Gweithgareddau proffesiynol, gwyddonol a thechnegol		
N		Administrative and support service activities	Gweithgareddau gweinyddol a gwasanethau cynorthwyol		
O		Public administration and defence; compulsory social security	Gweinyddiaeth gyhoeddus ac amddiffyn; nawdd cymdeithasol gorfodol		
P		Education	Addysg		
Q		Human health and social work activities	Gweithgareddau iechyd y cyhoedd a gwaith cymdeithasol		
R		Arts, entertainment and recreation	Y celfyddydau, adloniant a hamdden		
S		Other service activities	Gwithgareddau gwasanaethu eraill		
T		Activities of households as employers; undifferentiated goods- and services-producing activities of households for own use	Gwithgareddau aelwydydd fel cyflogwyr; gweithgareddau diwahaniaeth sy’n cynhyrchu nwydday – a gwasanethau – ar gyfer aelwydydd at eu defnydd eu hunain		
U		Activities of extraterritorial organisations and bodies	Gweithgareddau sefydliadau a chyrff alldiriogaethol		
