industrial-classification-2003	name	parent	start-date	end-date
Q	Extra-territorial Organisation and Bodies			
P	Private Households Employing Staff and Undifferentiated Production Activities of			
O	Other Community, Social and Personal Service Activities			
N	Health and Social Work			
M	Education			
L	Public Administration and Defence; Compulsory Social Security			
K	Real Estate, Renting and Business Activities			
J	Financial Intermediation			
I	Transport, Storage and Communication			
H	Hotels and Restaurants			
G	Wholesale and Retail Trade; Repair of Motor Vehicles, Motorcycles and Personal and			
F	Construction			
E	Electricity, Gas and Water Supply			
D	Manufacturing			
C	Mining and Quarrying			
B	Fishing			
A	Agriculture, Hunting and Forestry			
99.00	Extra-territorial organisations and bodies	industrial-classification-2003:99		
99.0	Extra-territorial organisations and bodies	industrial-classification-2003:99		
99	Extra-territorial Organisations and Bodies	industrial-classification-2003:Q		
97.00	Undifferentiated services producing activities of private households for own use	industrial-classification-2003:97		
97.0	Undifferentiated services producing activities of private households for own use	industrial-classification-2003:97		
97	Undifferentiated Services Producing Activities of Private Households for Own Use	industrial-classification-2003:P		
96.00	Undifferentiated goods producing activities of private households for own use	industrial-classification-2003:96		
96.0	Undifferentiated goods producing activities of private households for own use	industrial-classification-2003:96		
96	Undifferentiated Goods Producing Activities of Private Households for Own Use	industrial-classification-2003:P		
95.00	Activities of households as employers of domestic staff	industrial-classification-2003:95		
95.0	Activities of households as employers of domestic staff	industrial-classification-2003:95		
95	Activities of Households as Employers of Domestic Staff	industrial-classification-2003:P		
93.05/9	Other service activities not elsewhere classified	industrial-classification-2003:93.05		
93.05/1	Operation of coin-operated photographic machines	industrial-classification-2003:93.05		
93.05	Other service activities not elsewhere classified	industrial-classification-2003:93		
93.04	Physical well-being activities	industrial-classification-2003:93		
93.03	Funeral and related activities	industrial-classification-2003:93		
93.02	Hairdressing and other beauty treatment	industrial-classification-2003:93		
93.01	Washing and dry cleaning of textile and fur products	industrial-classification-2003:93		
93.0	Other service activities	industrial-classification-2003:93		
93	Other Service Activities	industrial-classification-2003:O		
92.72/9	Other recreational activities not elsewhere classified	industrial-classification-2003:92.72		
92.72/1	Motion picture, television and other theatrical casting	industrial-classification-2003:92.72		
92.72	Other recreational activities not elsewhere classified	industrial-classification-2003:92		
92.71	Gambling and betting activities	industrial-classification-2003:92		
92.7	Other recreational activities	industrial-classification-2003:92		
92.62/9	Other sporting activities not elsewhere classified	industrial-classification-2003:92.62		
92.62/1	Activities of racehorse owners	industrial-classification-2003:92.62		
92.62	Other sporting activities	industrial-classification-2003:92		
92.61/9	Operation of other sports arenas and stadiums not elsewhere classified	industrial-classification-2003:92.61		
92.61/1	Operation of ice rinks and roller skating rinks	industrial-classification-2003:92.61		
92.61	Operation of sports arenas and stadiums	industrial-classification-2003:92		
92.6	Sporting activities	industrial-classification-2003:92		
92.53	Botanical and zoological gardens and nature reserve activities	industrial-classification-2003:92		
92.52/2	Preservation of historical sites and buildings	industrial-classification-2003:92.52		
92.52/1	Museum activities	industrial-classification-2003:92.52		
92.52	Museum activities and preservation of historical sites and buildings	industrial-classification-2003:92		
92.51	Library and archive activities	industrial-classification-2003:92		
92.5	Library, archives, museums and other cultural activities	industrial-classification-2003:92		
92.40	News agency activities	industrial-classification-2003:92		
92.4	News agency activities	industrial-classification-2003:92		
92.34/9	Other entertainment activities not elsewhere classified	industrial-classification-2003:92.34		
92.34/1	Dance halls and dance instructor services	industrial-classification-2003:92.34		
92.34	Other entertainment activities not elsewhere classified	industrial-classification-2003:92		
92.33	Fair and amusement park activities	industrial-classification-2003:92		
92.32	Operation of arts facilities	industrial-classification-2003:92		
92.31/9	Other artistic and literary creation and interpretation	industrial-classification-2003:92.31		
92.31/2	This code is no longer in use	industrial-classification-2003:92.31		
92.31/1	Live theatrical presentation	industrial-classification-2003:92.31		
92.31	Artistic and literary creation and interpretation	industrial-classification-2003:92		
92.3	Other entertainment activities	industrial-classification-2003:92		
92.20/2	Television activities	industrial-classification-2003:92.20		
92.20/1	Radio activities	industrial-classification-2003:92.20		
92.20	Radio and television activities	industrial-classification-2003:92		
92.2	Radio and television activities	industrial-classification-2003:92		
92.13	Motion picture projection	industrial-classification-2003:92		
92.12	Motion picture and video distribution	industrial-classification-2003:92		
92.11/9	Other motion picture and video production activities	industrial-classification-2003:92.11		
92.11/1	Motion picture production on film or video	industrial-classification-2003:92.11		
92.11	Motion picture and video production	industrial-classification-2003:92		
92.1	Motion picture and video activities	industrial-classification-2003:92		
92	Recreational, Cultural and Sporting Activities	industrial-classification-2003:O		
91.33	Activities of other membership organisations not elsewhere classified	industrial-classification-2003:91		
91.32	Activities of political organisations	industrial-classification-2003:91		
91.31	Activities of religious organisations	industrial-classification-2003:91		
91.3	Activities of other membership organisations	industrial-classification-2003:91		
91.20	Activities of trade unions	industrial-classification-2003:91		
91.2	Activities of trade unions	industrial-classification-2003:91		
91.12	Activities of professional organisations	industrial-classification-2003:91		
91.11	Activities of business and employers organisations	industrial-classification-2003:91		
91.1	Activities of business, employers and professional organisations	industrial-classification-2003:91		
91	Activities of Membership Organisations Not Elsewhere Classified	industrial-classification-2003:O		
90.03	Sanitation,  remediation and similar activities	industrial-classification-2003:90		
90.02	Collection and treatment of other waste	industrial-classification-2003:90		
90.01	Collection and treatment of sewage	industrial-classification-2003:90		
90.0	Sewage and refuse disposal, sanitation and similar activities	industrial-classification-2003:90		
90	Sewage and Refuse Disposal, Sanitation and Similar Activities	industrial-classification-2003:O		
85.32/2	Non-charitable social work activities without accommodation	industrial-classification-2003:85.32		
85.32/1	Charitable social work activities without accommodation	industrial-classification-2003:85.32		
85.32	Social work activities without accommodation	industrial-classification-2003:85		
85.31/2	Non-charitable social work activities with accommodation	industrial-classification-2003:85.31		
85.31/1	Charitable social work activities with accommodation	industrial-classification-2003:85.31		
85.31	Social work activities with accommodation	industrial-classification-2003:85		
85.3	Social work activities	industrial-classification-2003:85		
85.20	Veterinary activities	industrial-classification-2003:85		
85.2	Veterinary activities	industrial-classification-2003:85		
85.14	Other human health activities	industrial-classification-2003:85		
85.13	Dental practice activities	industrial-classification-2003:85		
85.12	Medical practice activities	industrial-classification-2003:85		
85.11/3	Medical nursing home activities	industrial-classification-2003:85.11		
85.11/2	Private sector hospital activities	industrial-classification-2003:85.11		
85.11/1	Public sector hospital activities, including NHS Trusts	industrial-classification-2003:85.11		
85.11	Hospital activities	industrial-classification-2003:85		
85.1	Human health activities	industrial-classification-2003:85		
85	Health and Social Work	industrial-classification-2003:N		
80.42/9	Other adult and other education not elsewhere classified	industrial-classification-2003:80.42		
80.42/2	This code is no longer in use	industrial-classification-2003:80.42		
80.42/1	Activities of private training providers	industrial-classification-2003:80.42		
80.42	Adult and other education not elsewhere classified	industrial-classification-2003:80		
80.41	Driving school activities	industrial-classification-2003:80		
80.4	Adult and other education	industrial-classification-2003:80		
80.30/3	Post-graduate level higher education	industrial-classification-2003:80.30		
80.30/2	First-degree level higher education	industrial-classification-2003:80.30		
80.30/1	Sub-degree level higher education	industrial-classification-2003:80.30		
80.30	Higher education	industrial-classification-2003:80		
80.3	Higher education	industrial-classification-2003:80		
80.22	Technical and vocational secondary education	industrial-classification-2003:80		
80.21	General secondary education	industrial-classification-2003:80		
80.2	Secondary education	industrial-classification-2003:80		
80.10	Primary education	industrial-classification-2003:80		
80.1	Primary education	industrial-classification-2003:80		
80	Education	industrial-classification-2003:M		
75.30	Compulsory social security activities	industrial-classification-2003:75		
75.3	Compulsory social security activities	industrial-classification-2003:75		
75.25	Fire service activities	industrial-classification-2003:75		
75.24	Public security, law and order activities	industrial-classification-2003:75		
75.23	Justice and judicial activities	industrial-classification-2003:75		
75.22	Defence activities	industrial-classification-2003:75		
75.21	Foreign affairs	industrial-classification-2003:75		
75.2	Provision of services to the community as a whole	industrial-classification-2003:75		
75.14	Supporting service activities for the government as a whole	industrial-classification-2003:75		
75.13	Regulation of and contribution to more efficient operation of business	industrial-classification-2003:75		
75.12	Regulation of the activities of agencies that provide health care, education, cultural services and	industrial-classification-2003:75		
75.11	General (overall) public service activities	industrial-classification-2003:75		
75.1	Administration of the State and the economic and social policy of the community	industrial-classification-2003:75		
75	Public Administration and Defence; Compulsory Social Security	industrial-classification-2003:L		
74.87/9	Other business activities not elsewhere classified	industrial-classification-2003:74.87		
74.87/4	Activities of conference organisers	industrial-classification-2003:74.87		
74.87/3	Activities of exhibition and fair organisers	industrial-classification-2003:74.87		
74.87/2	Speciality design activities	industrial-classification-2003:74.87		
74.87/1	Credit reporting and collection agency activities	industrial-classification-2003:74.87		
74.87	Other business activities not elsewhere classified	industrial-classification-2003:74		
74.86	Call centre activities	industrial-classification-2003:74		
74.85	Secretarial and translation activities	industrial-classification-2003:74		
74.84	This code is no longer in use	industrial-classification-2003:74		
74.83	This code is no longer in use	industrial-classification-2003:74		
74.82	Packaging activities	industrial-classification-2003:74		
74.81/9	Photographic activities not elsewhere classified	industrial-classification-2003:74.81		
74.81/4	Film  processing	industrial-classification-2003:74.81		
74.81/3	Other specialist photography	industrial-classification-2003:74.81		
74.81/2	Portrait photographic activities	industrial-classification-2003:74.81		
74.81/1	This code is no longer in use	industrial-classification-2003:74.81		
74.81	Photographic activities	industrial-classification-2003:74		
74.8	Miscellaneous business activities not elsewhere classified	industrial-classification-2003:74		
74.70/9	Cleaning activities not elsewhere classified	industrial-classification-2003:74.70		
74.70/5	Furnace and chimney cleaning services	industrial-classification-2003:74.70		
74.70/4	Specialised cleaning services	industrial-classification-2003:74.70		
74.70/3	Disinfecting and exterminating services	industrial-classification-2003:74.70		
74.70/2	Window cleaning services	industrial-classification-2003:74.70		
74.70/1	Traditional cleaning activities	industrial-classification-2003:74.70		
74.70	Industrial cleaning	industrial-classification-2003:74		
74.7	Industrial cleaning	industrial-classification-2003:74		
74.60/2	Security and related activities	industrial-classification-2003:74.60		
74.60/1	Investigation activities	industrial-classification-2003:74.60		
74.60	Investigation and security activities	industrial-classification-2003:74		
74.6	Investigation and security activities	industrial-classification-2003:74		
74.50	Labour recruitment and provision of personnel	industrial-classification-2003:74		
74.5	Labour recruitment and provision of personnel	industrial-classification-2003:74		
74.40/9	Advertising activities not elsewhere classified	industrial-classification-2003:74.40		
74.40/2	Planning, creation and placement of advertising activities	industrial-classification-2003:74.40		
74.40/1	Sale or leasing activities of advertising space or time	industrial-classification-2003:74.40		
74.40	Advertising	industrial-classification-2003:74		
74.4	Advertising	industrial-classification-2003:74		
74.30	Technical testing and analysis	industrial-classification-2003:74		
74.3	Technical testing and analysis	industrial-classification-2003:74		
74.20/9	Other engineering activities	industrial-classification-2003:74.20		
74.20/6	Engineering related scientific and technical consulting activities	industrial-classification-2003:74.20		
74.20/5	Engineering design activities for industrial process and production	industrial-classification-2003:74.20		
74.20/4	Engineering consultative and design activities	industrial-classification-2003:74.20		
74.20/3	Quantity surveying activities	industrial-classification-2003:74.20		
74.20/2	Urban planning and landscape architectural activities	industrial-classification-2003:74.20		
74.20/1	Architectural activities	industrial-classification-2003:74.20		
74.20	Architectural and engineering activities and related technical consultancy	industrial-classification-2003:74		
74.2	Architectural and engineering activities and related technical consultancy	industrial-classification-2003:74		
74.15/9	Management activities of other non-financial holding companies not elsewhere classified	industrial-classification-2003:74.15		
74.15/8	Management activities of production holding companies	industrial-classification-2003:74.15		
74.15/7	Management activities of retail holding companies	industrial-classification-2003:74.15		
74.15/6	Management activities of service trades holding companies	industrial-classification-2003:74.15		
74.15/5	Management activities of motor trades holding companies	industrial-classification-2003:74.15		
74.15/4	Management activities of catering holding companies	industrial-classification-2003:74.15		
74.15/3	Management activities of construction holding companies	industrial-classification-2003:74.15		
74.15/2	Management activities of transport holding companies	industrial-classification-2003:74.15		
74.15/1	Management activities of wholesale holding companies	industrial-classification-2003:74.15		
74.15	Management activities of holding companies	industrial-classification-2003:74		
74.14/9	Business and management consultancy activities not elsewhere classified	industrial-classification-2003:74.14		
74.14/3	General management consultancy activities	industrial-classification-2003:74.14		
74.14/2	Financial management	industrial-classification-2003:74.14		
74.14/1	Public Relations activities	industrial-classification-2003:74.14		
74.14	Business and management consultancy activities	industrial-classification-2003:74		
74.13	Market research and public opinion polling	industrial-classification-2003:74		
74.12/3	Tax consultancy	industrial-classification-2003:74.12		
74.12/2	Book-keeping activities	industrial-classification-2003:74.12		
74.12/1	Accounting and auditing activities	industrial-classification-2003:74.12		
74.12	Accounting, book-keeping and auditing activities; tax consultancy	industrial-classification-2003:74		
74.11/9	Other legal activities not elsewhere classified	industrial-classification-2003:74.11		
74.11/3	Solicitors	industrial-classification-2003:74.11		
74.11/2	Barristers at law	industrial-classification-2003:74.11		
74.11/1	Activities of patent and copyright agents	industrial-classification-2003:74.11		
74.11	Legal activities	industrial-classification-2003:74		
74.1	Legal, accounting, book-keeping and auditing activities; tax consultancy; market research and	industrial-classification-2003:74		
74	Other Business Activities	industrial-classification-2003:K		
73.20	Research and experimental development on social sciences and humanities	industrial-classification-2003:73		
73.2	Research and experimental development on social sciences and humanities	industrial-classification-2003:73		
73.10	Research and experimental development on natural sciences and engineering	industrial-classification-2003:73		
73.1	Research and experimental development on natural sciences and engineering	industrial-classification-2003:73		
73	Research and Development	industrial-classification-2003:K		
72.60	Other computer related activities	industrial-classification-2003:72		
72.6	Other computer related activities	industrial-classification-2003:72		
72.50	Maintenance and repair of office, accounting and computing machinery	industrial-classification-2003:72		
72.5	Maintenance and repair of office, accounting and computing machinery	industrial-classification-2003:72		
72.40	Database activities	industrial-classification-2003:72		
72.4	Database activities	industrial-classification-2003:72		
72.30	Data processing	industrial-classification-2003:72		
72.3	Data processing	industrial-classification-2003:72		
72.22	Other software consultancy and supply	industrial-classification-2003:72		
72.21	Publishing of software	industrial-classification-2003:72		
72.2	Software consultancy and supply	industrial-classification-2003:72		
72.10	Hardware consultancy	industrial-classification-2003:72		
72.1	Hardware consultancy	industrial-classification-2003:72		
72	Computer and Related Activities	industrial-classification-2003:K		
71.40/9	Renting of other personal and household goods not elsewhere classified	industrial-classification-2003:71.40		
71.40/5	Renting of video tapes and DVDs	industrial-classification-2003:71.40		
71.40/4	Renting of records and other pre-recorded media	industrial-classification-2003:71.40		
71.40/3	Renting of radios, televisions, video recorders and DVD players	industrial-classification-2003:71.40		
71.40/2	This code is no longer in use	industrial-classification-2003:71.40		
71.40/1	Renting of sporting and recreational equipment	industrial-classification-2003:71.40		
71.40	Renting of personal and household goods not elsewhere classified	industrial-classification-2003:71		
71.4	Renting of personal and household goods not elsewhere classified	industrial-classification-2003:71		
71.34	Renting of other machinery and equipment not elsewhere classified	industrial-classification-2003:71		
71.33	Renting of office machinery and equipment including computers	industrial-classification-2003:71		
71.32	Renting of construction and civil engineering machinery and equipment	industrial-classification-2003:71		
71.31	Renting of agricultural machinery and equipment	industrial-classification-2003:71		
71.3	Renting of other machinery and equipment	industrial-classification-2003:71		
71.23/9	Renting of other air transport equipment	industrial-classification-2003:71.23		
71.23/2	This code is no longer in use	industrial-classification-2003:71.23		
71.23/1	Renting of passenger air transport equipment	industrial-classification-2003:71.23		
71.23	Renting of air transport equipment	industrial-classification-2003:71		
71.22/9	Renting of other water transport equipment	industrial-classification-2003:71.22		
71.22/2	This code is no longer in use	industrial-classification-2003:71.22		
71.22/1	Renting of passenger water transport equipment	industrial-classification-2003:71.22		
71.22	Renting of water transport equipment	industrial-classification-2003:71		
71.21/9	Renting of other land transport equipment	industrial-classification-2003:71.21		
71.21/2	This code is no longer in use	industrial-classification-2003:71.21		
71.21/1	Renting of passenger land transport equipment	industrial-classification-2003:71.21		
71.21	Renting of other land transport equipment	industrial-classification-2003:71		
71.2	Renting of other transport equipment	industrial-classification-2003:71		
71.10	Renting of automobiles	industrial-classification-2003:71		
71.1	Renting of automobiles	industrial-classification-2003:71		
71	Renting of Machinery and Equipment Without Operator and of Personal and Household Goods	industrial-classification-2003:K		
70.32	Management of real estate on a fee or contract basis	industrial-classification-2003:70		
70.31	Real estate agencies	industrial-classification-2003:70		
70.3	Real estate activities on a fee or contract basis	industrial-classification-2003:70		
70.20/9	Other letting of own property	industrial-classification-2003:70.20		
70.20/2	This code is no longer in use	industrial-classification-2003:70.20		
70.20/1	Letting of conference and exhibition centres	industrial-classification-2003:70.20		
70.20	Letting of own property	industrial-classification-2003:70		
70.2	Letting of own property	industrial-classification-2003:70		
70.12	Buying and selling of own real estate	industrial-classification-2003:70		
70.11	Development and selling of real estate	industrial-classification-2003:70		
70.1	Real estate activities with own property	industrial-classification-2003:70		
70	Real Estate Activities	industrial-classification-2003:K		
67.20	Activities auxiliary to insurance and pension funding	industrial-classification-2003:67		
67.2	Activities auxiliary to insurance and pension funding	industrial-classification-2003:67		
67.13	Activities auxiliary to financial intermediation not elsewhere classified	industrial-classification-2003:67		
67.12/2	Security broking and related activities	industrial-classification-2003:67.12		
67.12/1	Fund management activities	industrial-classification-2003:67.12		
67.12	Security broking and fund management	industrial-classification-2003:67		
67.11	Administration of financial markets	industrial-classification-2003:67		
67.1	Activities auxiliary to financial intermediation, except insurance and pension funding	industrial-classification-2003:67		
67	Activities Auxiliary to Financial Intermediation	industrial-classification-2003:J		
66.03/2	Non-life re-insurance	industrial-classification-2003:66.03		
66.03/1	Non-life insurance	industrial-classification-2003:66.03		
66.03	Non-life insurance	industrial-classification-2003:66		
66.02	Pension funding	industrial-classification-2003:66		
66.01/2	Life re-insurance	industrial-classification-2003:66.01		
66.01/1	Life insurance	industrial-classification-2003:66.01		
66.01	Life insurance	industrial-classification-2003:66		
66.0	Insurance and pension funding, except compulsory social security	industrial-classification-2003:66		
66	Insurance and Pension Funding, Except Compulsory Social Security	industrial-classification-2003:J		
65.23/9	Financial intermediation not elsewhere classified	industrial-classification-2003:65.23		
65.23/8	Activities of property unit trusts	industrial-classification-2003:65.23		
65.23/7	Activities of open-ended investment companies	industrial-classification-2003:65.23		
65.23/6	This code is no longer in use	industrial-classification-2003:65.23		
65.23/5	Activities of venture and development capital companies	industrial-classification-2003:65.23		
65.23/4	Activities of bank holding companies	industrial-classification-2003:65.23		
65.23/3	Security dealing on own account	industrial-classification-2003:65.23		
65.23/2	Activities of unit trusts	industrial-classification-2003:65.23		
65.23/1	Activities of investment trusts	industrial-classification-2003:65.23		
65.23	Other financial intermediation not elsewhere classified	industrial-classification-2003:65		
65.22/9	Other credit granting not elsewhere classified	industrial-classification-2003:65.22		
65.22/4	This code is no longer in use	industrial-classification-2003:65.22		
65.22/3	Activities of mortgage finance companies	industrial-classification-2003:65.22		
65.22/2	Factoring	industrial-classification-2003:65.22		
65.22/1	Credit granting by non-deposit taking finance houses and other specialist consumer credit grantors	industrial-classification-2003:65.22		
65.22	Other credit granting	industrial-classification-2003:65		
65.21	Financial leasing	industrial-classification-2003:65		
65.2	Other financial intermediation	industrial-classification-2003:65		
65.12/2	Building societies	industrial-classification-2003:65.12		
65.12/1	Banks	industrial-classification-2003:65.12		
65.12	Other monetary intermediation	industrial-classification-2003:65		
65.11	Central banking	industrial-classification-2003:65		
65.1	Monetary intermediation	industrial-classification-2003:65		
65	Financial Intermediation, Except Insurance and Pension Funding	industrial-classification-2003:J		
64.20	Telecommunications	industrial-classification-2003:64		
64.2	Telecommunications	industrial-classification-2003:64		
64.12	Courier activities other than national post activities	industrial-classification-2003:64		
64.11	National post activities	industrial-classification-2003:64		
64.1	Post and courier activities	industrial-classification-2003:64		
64	Post and Telecommunications	industrial-classification-2003:I		
63.40	Activities of other transport agencies	industrial-classification-2003:63		
63.4	Activities of other transport agencies	industrial-classification-2003:63		
63.30/9	Other tourist assistance activities not elsewhere classified	industrial-classification-2003:63.30		
63.30/4	This code is no longer in use	industrial-classification-2003:63.30		
63.30/3	Activities of tour guides	industrial-classification-2003:63.30		
63.30/2	Activities of travel organisers	industrial-classification-2003:63.30		
63.30/1	Activities of travel agencies	industrial-classification-2003:63.30		
63.30	Activities of travel agencies and tour operators; tourist assistance activities not elsewhere classified	industrial-classification-2003:63		
63.3	Activities of travel agencies and tour operators; tourist assistance activities not elsewhere classified	industrial-classification-2003:63		
63.23	Other supporting air transport activities	industrial-classification-2003:63		
63.22	Other supporting water transport activities	industrial-classification-2003:63		
63.21	Other supporting land transport activities	industrial-classification-2003:63		
63.2	Other supporting transport activities	industrial-classification-2003:63		
63.12/9	Other storage and warehousing not elsewhere classified	industrial-classification-2003:63.12		
63.12/3	Storage of grain	industrial-classification-2003:63.12		
63.12/2	Storage of liquids or gases	industrial-classification-2003:63.12		
63.12/1	Storage of frozen and refrigerated goods	industrial-classification-2003:63.12		
63.12	Storage and warehousing	industrial-classification-2003:63		
63.11	Cargo handling	industrial-classification-2003:63		
63.1	Cargo handling and storage	industrial-classification-2003:63		
63	Supporting And Auxiliary Transport Activities; Activities Of Travel Agencies	industrial-classification-2003:I		
62.30	Space transport	industrial-classification-2003:62		
62.3	Space transport	industrial-classification-2003:62		
62.20/9	Other non-scheduled air transport	industrial-classification-2003:62.20		
62.20/2	This code is no longer in use	industrial-classification-2003:62.20		
62.20/1	Non-scheduled passenger air transport	industrial-classification-2003:62.20		
62.20	Non-scheduled air transport	industrial-classification-2003:62		
62.2	Non-scheduled air transport	industrial-classification-2003:62		
62.10/9	Other scheduled air transport	industrial-classification-2003:62.10		
62.10/2	This code is no longer in use	industrial-classification-2003:62.10		
62.10/1	Scheduled passenger air transport	industrial-classification-2003:62.10		
62.10	Scheduled air transport	industrial-classification-2003:62		
62.1	Scheduled air transport	industrial-classification-2003:62		
62	Air Transport	industrial-classification-2003:I		
61.20/9	Other inland water transport	industrial-classification-2003:61.20		
61.20/2	This code is no longer in use	industrial-classification-2003:61.20		
61.20/1	Passenger inland water transport	industrial-classification-2003:61.20		
61.20	Inland water transport	industrial-classification-2003:61		
61.2	Inland water transport	industrial-classification-2003:61		
61.10/2	Freight sea and coastal water transport	industrial-classification-2003:61.10		
61.10/1	Passenger sea and coastal water transport	industrial-classification-2003:61.10		
61.10	Sea and coastal water transport	industrial-classification-2003:61		
61.1	Sea and coastal water transport	industrial-classification-2003:61		
61	Water Transport	industrial-classification-2003:I		
60.30	Transport via pipelines	industrial-classification-2003:60		
60.3	Transport via pipelines	industrial-classification-2003:60		
60.24/9	Freight transport by road not elsewhere classified	industrial-classification-2003:60.24		
60.24/1	Furniture removal activities	industrial-classification-2003:60.24		
60.24	Freight transport by road	industrial-classification-2003:60		
60.23/9	Other passenger land transport not elsewhere classified	industrial-classification-2003:60.23		
60.23/1	Renting of buses and coaches	industrial-classification-2003:60.23		
60.23	Other passenger land transport	industrial-classification-2003:60		
60.22	Taxi operation	industrial-classification-2003:60		
60.21/9	Other scheduled passenger land transport not elsewhere classified	industrial-classification-2003:60.21		
60.21/3	Urban and suburban passenger transportation by underground,  metro and similar systems	industrial-classification-2003:60.21		
60.21/2	This code is no longer in use	industrial-classification-2003:60.21		
60.21/1	Inter-city coach services	industrial-classification-2003:60.21		
60.21	Other scheduled passenger land transport	industrial-classification-2003:60		
60.2	Other land transport	industrial-classification-2003:60		
60.10/9	Other transport via railways	industrial-classification-2003:60.10		
60.10/2	This code is no longer in use	industrial-classification-2003:60.10		
60.10/1	Inter-city services	industrial-classification-2003:60.10		
60.10	Transport via railways	industrial-classification-2003:60		
60.1	Transport via railways	industrial-classification-2003:60		
60	Land Transport; Transport Via Pipelines	industrial-classification-2003:I		
55.52	Catering	industrial-classification-2003:55		
55.51	Canteens	industrial-classification-2003:55		
55.5	Canteens and catering	industrial-classification-2003:55		
55.40/4	Managed public houses and bars	industrial-classification-2003:55.40		
55.40/3	Tenanted public houses and bars	industrial-classification-2003:55.40		
55.40/2	Independent public houses and bars	industrial-classification-2003:55.40		
55.40/1	Licensed clubs	industrial-classification-2003:55.40		
55.40	Bars	industrial-classification-2003:55		
55.4	Bars	industrial-classification-2003:55		
55.30/4	Take-away food mobile stands	industrial-classification-2003:55.30		
55.30/3	Take-away food shops	industrial-classification-2003:55.30		
55.30/2	Unlicensed restaurants and cafes	industrial-classification-2003:55.30		
55.30/1	Licensed restaurants	industrial-classification-2003:55.30		
55.30	Restaurants	industrial-classification-2003:55		
55.3	Restaurants	industrial-classification-2003:55		
55.23/9	Other tourist or short-stay accommodation	industrial-classification-2003:55.23		
55.23/3	This code is no longer in use	industrial-classification-2003:55.23		
55.23/2	Other self-catering holiday accommodation	industrial-classification-2003:55.23		
55.23/1	Holiday centres and holiday villages	industrial-classification-2003:55.23		
55.23	Other provision of lodgings not elsewhere classified	industrial-classification-2003:55		
55.22	Camping sites, including caravan sites	industrial-classification-2003:55		
55.21	Youth hostels and mountain refuges	industrial-classification-2003:55		
55.2	Camping sites and other provision of short-stay accommodation	industrial-classification-2003:55		
55.10/3	Hotels and motels without restaurant	industrial-classification-2003:55.10		
55.10/2	Hotels and motels, with restaurant (unlicensed)	industrial-classification-2003:55.10		
55.10/1	Hotels and motels, with restaurant (licensed)	industrial-classification-2003:55.10		
55.10	Hotels	industrial-classification-2003:55		
55.1	Hotels	industrial-classification-2003:55		
55	Hotels and Restaurants	industrial-classification-2003:H		
52.74	Repair not elsewhere classified	industrial-classification-2003:52		
52.73	Repair of watches, clocks and jewellery	industrial-classification-2003:52		
52.72	Repair of electrical household goods	industrial-classification-2003:52		
52.71	Repair of boots, shoes and other articles of leather	industrial-classification-2003:52		
52.7	Repair of personal and household goods	industrial-classification-2003:52		
52.63	Other non-store retail sale	industrial-classification-2003:52		
52.62	Retail sale via stalls and markets	industrial-classification-2003:52		
52.61	Retail sale via mail order house	industrial-classification-2003:52		
52.6	Retail sale not in stores	industrial-classification-2003:52		
52.50/9	Retail sale of other second-hand goods in stores	industrial-classification-2003:52.50		
52.50/1	Retail sale of antiques, including antique books in stores	industrial-classification-2003:52.50		
52.50	Retail sale of second-hand goods in stores	industrial-classification-2003:52		
52.5	Retail sale of second-hand goods in stores	industrial-classification-2003:52		
52.48/9	Other retail sale in specialised stores not elsewhere classified	industrial-classification-2003:52.48		
52.48/8	Retail sale of mobile telephones	industrial-classification-2003:52.48		
52.48/7	Retail sale by opticians	industrial-classification-2003:52.48		
52.48/6	Retail sale in commercial art galleries	industrial-classification-2003:52.48		
52.48/5	Retail sale of sports goods, games and toys, stamps and coins	industrial-classification-2003:52.48		
52.48/4	Retail sale of jewellery, clocks and watches	industrial-classification-2003:52.48		
52.48/3	This code is no longer in use	industrial-classification-2003:52.48		
52.48/2	Retail sale of photographic, optical and precision equipment, office supplies and equipment	industrial-classification-2003:52.48		
52.48/1	Retail sale of floor coverings	industrial-classification-2003:52.48		
52.48	Other retail sale in specialised stores	industrial-classification-2003:52		
52.47	Retail sale of books, newspapers and stationery	industrial-classification-2003:52		
52.46	Retail sale of hardware, paints and glass	industrial-classification-2003:52		
52.45	Retail sale of electrical household appliances and radio and television goods	industrial-classification-2003:52		
52.44	Retail sale of furniture, lighting equipment and household articles not elsewhere classified	industrial-classification-2003:52		
52.43/2	Retail sale of leather goods	industrial-classification-2003:52.43		
52.43/1	Retail sale of footwear	industrial-classification-2003:52.43		
52.43	Retail sale of footwear and leather goods	industrial-classification-2003:52		
52.42/4	Retail sale of other men’s clothing	industrial-classification-2003:52.42		
52.42/3	Retail sale of other women’s clothing	industrial-classification-2003:52.42		
52.42/2	Retail sale of children’s and infants’ clothing	industrial-classification-2003:52.42		
52.42/1	Retail sale of adults’ fur and leather clothing	industrial-classification-2003:52.42		
52.42	Retail sale of clothing	industrial-classification-2003:52		
52.41	Retail sale of textiles	industrial-classification-2003:52		
52.4	Other retail sale of new goods in specialised stores	industrial-classification-2003:52		
52.33	Retail sale of cosmetic and toilet articles	industrial-classification-2003:52		
52.32/9	Retail sale of medical and orthopaedic goods not elsewhere classified	industrial-classification-2003:52.32		
52.32/1	Retail sale of hearing aids	industrial-classification-2003:52.32		
52.32	Retail sale of medical and orthopaedic goods	industrial-classification-2003:52		
52.31	Dispensing chemists	industrial-classification-2003:52		
52.3	Retail sale of pharmaceutical and medical goods, cosmetic and toilet articles	industrial-classification-2003:52		
52.27	Other retail sale of food, beverages and tobacco in specialised stores	industrial-classification-2003:52		
52.26	Retail sale of tobacco products	industrial-classification-2003:52		
52.25	Retail sale of alcoholic and other beverages	industrial-classification-2003:52		
52.24	Retail sale of bread, cakes, flour confectionery and sugar confectionery	industrial-classification-2003:52		
52.23	Retail sale of fish, crustaceans and molluscs	industrial-classification-2003:52		
52.22	Retail sale of meat and meat products	industrial-classification-2003:52		
52.21	Retail sale of fruit and vegetables	industrial-classification-2003:52		
52.2	Retail sale of food, beverages and tobacco in specialised stores	industrial-classification-2003:52		
52.12	Other retail sale in non-specialised stores	industrial-classification-2003:52		
52.11/9	This code is no longer in use	industrial-classification-2003:52.11		
52.11/3	Retail sale in non-specialised stores (excluding CTNs)  not holding an alcohol licence with food,	industrial-classification-2003:52.11		
52.11/2	Retail sale in non-specialised stores (excluding CTNs) holding an alcohol licence with food, beverages	industrial-classification-2003:52.11		
52.11/1	Retail sale by confectioners, tobacconists and newsagents (CTNs)	industrial-classification-2003:52.11		
52.11	Retail sale in non-specialised stores with food, beverages or tobacco predominating	industrial-classification-2003:52		
52.1	Retail sale in non-specialised stores	industrial-classification-2003:52		
52	Retail Trade, Except of Motor Vehicles and Motorcycles; Repair of Personal and Household Goods	industrial-classification-2003:G		
51.90	Other wholesale	industrial-classification-2003:51		
51.9	Other wholesale	industrial-classification-2003:51		
51.88	Wholesale of agricultural machinery and accessories and implements, including tractors	industrial-classification-2003:51		
51.87	Wholesale of other machinery for use in industry,  trade and navigation	industrial-classification-2003:51		
51.86	Wholesale of other electronic parts and equipment	industrial-classification-2003:51		
51.85	Wholesale of other office machinery and equipment	industrial-classification-2003:51		
51.84	Wholesale of computers, computer peripheral equipment and software	industrial-classification-2003:51		
51.83	Wholesale of machinery for the textile industry, and of sewing and knitting machines	industrial-classification-2003:51		
51.82	Wholesale of mining, construction and civil engineering machinery	industrial-classification-2003:51		
51.81	Wholesale of machine tools	industrial-classification-2003:51		
51.8	Wholesale of machinery, equipment and supplies	industrial-classification-2003:51		
51.7	This code is no longer in use	industrial-classification-2003:51		
51.6	This code is no longer in use	industrial-classification-2003:51		
51.57	Wholesale of waste and scrap	industrial-classification-2003:51		
51.56	Wholesale of other intermediate products	industrial-classification-2003:51		
51.55	Wholesale of chemical products	industrial-classification-2003:51		
51.54	Wholesale of hardware, plumbing and heating equipment and supplies	industrial-classification-2003:51		
51.53	Wholesale of wood, construction materials and sanitary equipment	industrial-classification-2003:51		
51.52	Wholesale of metals and ores	industrial-classification-2003:51		
51.51/9	Wholesale of other fuels and related products	industrial-classification-2003:51.51		
51.51/2	This code is no longer in use	industrial-classification-2003:51.51		
51.51/1	Wholesale of petroleum and petroleum products	industrial-classification-2003:51.51		
51.51	Wholesale of solid, liquid and gaseous fuels and related products	industrial-classification-2003:51		
51.5	Wholesale of non-agricultural intermediate products, waste and scrap	industrial-classification-2003:51		
51.47/9	Wholesale of other household goods not elsewhere classified	industrial-classification-2003:51.47		
51.47/8	Wholesale of travel and fancy goods	industrial-classification-2003:51.47		
51.47/7	Wholesale of toys and games	industrial-classification-2003:51.47		
51.47/6	Wholesale of photographic goods	industrial-classification-2003:51.47		
51.47/5	Wholesale of musical instruments	industrial-classification-2003:51.47		
51.47/4	Wholesale of imitation jewellery	industrial-classification-2003:51.47		
51.47/3	Wholesale of jewellery	industrial-classification-2003:51.47		
51.47/2	This code is no longer in use	industrial-classification-2003:51.47		
51.47/1	Wholesale of furniture	industrial-classification-2003:51.47		
51.47	Wholesale of other household goods	industrial-classification-2003:51		
51.46	Wholesale of pharmaceutical goods	industrial-classification-2003:51		
51.45	Wholesale of perfume and cosmetics	industrial-classification-2003:51		
51.44	Wholesale of china and glassware, wallpaper and cleaning materials	industrial-classification-2003:51		
51.43/9	Wholesale of radio and television goods; wholesale of electrical household appliances not	industrial-classification-2003:51.43		
51.43/1	Wholesale of gramophone records, audio tapes, compact discs and video tapes and of the	industrial-classification-2003:51.43		
51.43	Wholesale of electrical household appliances and radio and television goods	industrial-classification-2003:51		
51.42/9	Wholesale of clothing not elsewhere classified	industrial-classification-2003:51.42		
51.42/3	Wholesale of footwear	industrial-classification-2003:51.42		
51.42/2	Wholesale of children’s and infants’ clothing	industrial-classification-2003:51.42		
51.42/1	Wholesale of adults’ fur and leather clothing	industrial-classification-2003:51.42		
51.42	Wholesale of clothing and footwear	industrial-classification-2003:51		
51.41	Wholesale of textiles	industrial-classification-2003:51		
51.4	Wholesale of household goods	industrial-classification-2003:51		
51.39	Non-specialised wholesale of food, beverages and tobacco	industrial-classification-2003:51		
51.38	Wholesale of other food including fish, crustaceans and molluscs	industrial-classification-2003:51		
51.37	Wholesale of coffee, tea, cocoa and spices	industrial-classification-2003:51		
51.36	Wholesale of sugar and chocolate and sugar confectionery	industrial-classification-2003:51		
51.35	Wholesale of tobacco products	industrial-classification-2003:51		
51.34/2	Wholesale of wine, beer, spirits and other alcoholic beverages	industrial-classification-2003:51.34		
51.34/1	Wholesale of fruit and vegetable juices, mineral waters and soft drinks	industrial-classification-2003:51.34		
51.34	Wholesale of alcoholic and other beverages	industrial-classification-2003:51		
51.33/3	Wholesale of edible oils and fats	industrial-classification-2003:51.33		
51.33/2	Wholesale of eggs	industrial-classification-2003:51.33		
51.33/1	Wholesale of dairy produce	industrial-classification-2003:51.33		
51.33	Wholesale of dairy produce, eggs and edible oils and fats	industrial-classification-2003:51		
51.32	Wholesale of meat and meat products	industrial-classification-2003:51		
51.31	Wholesale of fruit and vegetables	industrial-classification-2003:51		
51.3	Wholesale of food, beverages and tobacco	industrial-classification-2003:51		
51.25	Wholesale of unmanufactured tobacco	industrial-classification-2003:51		
51.24/9	Wholesale of hides, skins and leather not elsewhere classified	industrial-classification-2003:51.24		
51.24/1	Wholesale of fur skins	industrial-classification-2003:51.24		
51.24	Wholesale of hides, skins and leather	industrial-classification-2003:51		
51.23	Wholesale of live animals	industrial-classification-2003:51		
51.22	Wholesale of flowers and plants	industrial-classification-2003:51		
51.21	Wholesale of grain, seeds and animal feeds	industrial-classification-2003:51		
51.2	Wholesale of agricultural raw materials and live animals	industrial-classification-2003:51		
51.19	Agents involved in the sale of a variety of goods	industrial-classification-2003:51		
51.18	Agents specialising in the sale of particular products or ranges of products not elsewhere classified	industrial-classification-2003:51		
51.17	Agents involved in the sale of food, beverages and tobacco	industrial-classification-2003:51		
51.16	Agents involved in the sale of textiles, clothing, footwear and leather goods	industrial-classification-2003:51		
51.15	Agents involved in the sale of furniture, household goods, hardware and ironmongery	industrial-classification-2003:51		
51.14	Agents involved in the sale of machinery, industrial equipment, ships and aircraft	industrial-classification-2003:51		
51.13	Agents involved in the sale of timber and building materials	industrial-classification-2003:51		
51.12	Agents involved in the sale of fuels, ores, metals and industrial chemicals	industrial-classification-2003:51		
51.11	Agents involved in the sale of agricultural raw materials, live animals, textile raw materials and	industrial-classification-2003:51		
51.1	Wholesale on a fee or contract basis	industrial-classification-2003:51		
51	Wholesale Trade and Commission Trade, Except of Motor Vehicles and Motorcycles	industrial-classification-2003:G		
50.50	Retail sale of automotive fuel	industrial-classification-2003:50		
50.5	Retail sale of automotive fuel	industrial-classification-2003:50		
50.40	Sale, maintenance and repair of motorcycles and related parts and accessories	industrial-classification-2003:50		
50.4	Sale, maintenance and repair of motorcycles and related parts and accessories	industrial-classification-2003:50		
50.30	Sale of motor vehicle parts and accessories	industrial-classification-2003:50		
50.3	Sale of motor vehicle parts and accessories	industrial-classification-2003:50		
50.20	Maintenance and repair of motor vehicles	industrial-classification-2003:50		
50.2	Maintenance and repair of motor vehicles	industrial-classification-2003:50		
50.10/2	Sale of used motor vehicles	industrial-classification-2003:50.10		
50.10/1	Sale of new motor vehicles	industrial-classification-2003:50.10		
50.10	Sale of motor vehicles	industrial-classification-2003:50		
50.1	Sale of motor vehicles	industrial-classification-2003:50		
50	Sale, Maintenance and Repair of Motor Vehicles and Motorcycles; Retail Sale of Automotive Fuel	industrial-classification-2003:G		
45.50	Renting of construction or demolition equipment with operator	industrial-classification-2003:45		
45.5	Renting of construction or demolition equipment with operator	industrial-classification-2003:45		
45.45	Other building completion	industrial-classification-2003:45		
45.44	Painting and glazing	industrial-classification-2003:45		
45.43	Floor or wall covering	industrial-classification-2003:45		
45.42	Joinery installation	industrial-classification-2003:45		
45.41	Plastering	industrial-classification-2003:45		
45.4	Building completion	industrial-classification-2003:45		
45.34	Other building installation	industrial-classification-2003:45		
45.33	Plumbing	industrial-classification-2003:45		
45.32	Insulation work activities	industrial-classification-2003:45		
45.31	Installation of electrical wiring and fittings	industrial-classification-2003:45		
45.3	Building installation	industrial-classification-2003:45		
45.25	Other construction work involving special trades	industrial-classification-2003:45		
45.24	Construction of water projects	industrial-classification-2003:45		
45.23	Construction of motorways, roads,  railways,  airfields and sports facilities	industrial-classification-2003:45		
45.22	Erection of roof covering and frames	industrial-classification-2003:45		
45.21/3	Construction of civil engineering constructions	industrial-classification-2003:45.21		
45.21/2	Construction of domestic buildings	industrial-classification-2003:45.21		
45.21/1	Construction of commercial buildings	industrial-classification-2003:45.21		
45.21	General construction of buildings and civil engineering works	industrial-classification-2003:45		
45.2	Building of complete constructions or parts thereof; civil engineering	industrial-classification-2003:45		
45.12	Test drilling and boring	industrial-classification-2003:45		
45.11	Demolition and wrecking of buildings; earth moving	industrial-classification-2003:45		
45.1	Site preparation	industrial-classification-2003:45		
45	Construction	industrial-classification-2003:F		
41.00	Collection, purification and distribution of water	industrial-classification-2003:41		
41.0	Collection, purification and distribution of water	industrial-classification-2003:41		
41	Collection, Purification and Distribution of Water	industrial-classification-2003:E		
40.30	Steam and hot water supply	industrial-classification-2003:40		
40.3	Steam and hot water supply	industrial-classification-2003:40		
40.22	Distribution and trade of gaseous fuels through mains	industrial-classification-2003:40		
40.21	Manufacture of gas	industrial-classification-2003:40		
40.2	Manufacture of gas; distribution of gaseous fuels through mains	industrial-classification-2003:40		
40.13	Distribution and trade in electricity	industrial-classification-2003:40		
40.12	Transmission of electricity	industrial-classification-2003:40		
40.11	Production of electricity	industrial-classification-2003:40		
40.1	Production and distribution of electricity	industrial-classification-2003:40		
40	Electricity, Gas, Steam and Hot Water Supply	industrial-classification-2003:E		
37.20	Recycling of non-metal waste and scrap	industrial-classification-2003:37		
37.2	Recycling of non-metal waste and scrap	industrial-classification-2003:37		
37.10	Recycling of metal waste and scrap	industrial-classification-2003:37		
37.1	Recycling of metal waste and scrap	industrial-classification-2003:37		
37	Recycling	industrial-classification-2003:D		
36.63/9	Other manufacturing not elsewhere classified	industrial-classification-2003:36.63		
36.63/2	This code is no longer in use	industrial-classification-2003:36.63		
36.63/1	Manufacture of miscellaneous stationers’ goods	industrial-classification-2003:36.63		
36.63	Other manufacturing not elsewhere classified	industrial-classification-2003:36		
36.62	Manufacture of brooms and brushes	industrial-classification-2003:36		
36.61	Manufacture of imitation jewellery	industrial-classification-2003:36		
36.6	Miscellaneous manufacturing not elsewhere classified	industrial-classification-2003:36		
36.50/9	Manufacture of other games and toys not elsewhere classified	industrial-classification-2003:36.50		
36.50/2	This code is no longer in use	industrial-classification-2003:36.50		
36.50/1	Manufacture of professional and arcade games and toys	industrial-classification-2003:36.50		
36.50	Manufacture of games and toys	industrial-classification-2003:36		
36.5	Manufacture of games and toys	industrial-classification-2003:36		
36.40	Manufacture of sports goods	industrial-classification-2003:36		
36.4	Manufacture of sports goods	industrial-classification-2003:36		
36.30	Manufacture of musical instruments	industrial-classification-2003:36		
36.3	Manufacture of musical instruments	industrial-classification-2003:36		
36.22	Manufacture of jewellery and related articles not elsewhere classified	industrial-classification-2003:36		
36.21	Striking of coins	industrial-classification-2003:36		
36.2	Manufacture of jewellery and related articles	industrial-classification-2003:36		
36.15	Manufacture of mattresses	industrial-classification-2003:36		
36.14	Manufacture of other furniture	industrial-classification-2003:36		
36.13	Manufacture of other kitchen furniture	industrial-classification-2003:36		
36.12	Manufacture of other office and shop furniture	industrial-classification-2003:36		
36.11	Manufacture of chairs and seats	industrial-classification-2003:36		
36.1	Manufacture of furniture	industrial-classification-2003:36		
36	Manufacture of Furniture; Manufacturing Not Elsewhere Classified	industrial-classification-2003:D		
35.50	Manufacture of other transport equipment not elsewhere classified	industrial-classification-2003:35		
35.5	Manufacture of other transport equipment not elsewhere classified	industrial-classification-2003:35		
35.43	Manufacture of invalid carriages	industrial-classification-2003:35		
35.42	Manufacture of bicycles	industrial-classification-2003:35		
35.41	Manufacture of motorcycles	industrial-classification-2003:35		
35.4	Manufacture of motorcycles and bicycles	industrial-classification-2003:35		
35.30	Manufacture of aircraft and spacecraft	industrial-classification-2003:35		
35.3	Manufacture of aircraft and spacecraft	industrial-classification-2003:35		
35.20	Manufacture of railway and tramway locomotives and rolling stock	industrial-classification-2003:35		
35.2	Manufacture of railway and tramway locomotives and rolling stock	industrial-classification-2003:35		
35.12	Building and repairing of pleasure and sporting boats	industrial-classification-2003:35		
35.11	Building and repairing of ships	industrial-classification-2003:35		
35.1	Building and repairing of ships and boats	industrial-classification-2003:35		
35	Manufacture of Other Transport Equipment	industrial-classification-2003:D		
34.30	Manufacture of parts and accessories for motor vehicles and their engines	industrial-classification-2003:34		
34.3	Manufacture of parts and accessories for motor vehicles and their engines	industrial-classification-2003:34		
34.20/3	Manufacture of caravans	industrial-classification-2003:34.20		
34.20/2	Manufacture of trailers and semi-trailers	industrial-classification-2003:34.20		
34.20/1	Manufacture of bodies (coachwork) for motor vehicles (except caravans)	industrial-classification-2003:34.20		
34.20	Manufacture of bodies (coachwork) for motor vehicles; manufacture of trailers and semi-trailers	industrial-classification-2003:34		
34.2	Manufacture of bodies (coachwork) for motor vehicles; manufacture of trailers and semi-trailers	industrial-classification-2003:34		
34.10	Manufacture of motor vehicles	industrial-classification-2003:34		
34.1	Manufacture of motor vehicles	industrial-classification-2003:34		
34	Manufacture of Motor Vehicles, Trailers and Semi-trailers	industrial-classification-2003:D		
33.50	Manufacture of watches and clocks	industrial-classification-2003:33		
33.5	Manufacture of watches and clocks	industrial-classification-2003:33		
33.40/3	Manufacture of photographic and cinematographic equipment	industrial-classification-2003:33.40		
33.40/2	Manufacture of optical precision instruments	industrial-classification-2003:33.40		
33.40/1	Manufacture of spectacles and unmounted lenses	industrial-classification-2003:33.40		
33.40	Manufacture of optical instruments and photographic equipment	industrial-classification-2003:33		
33.4	Manufacture of optical instruments and photographic equipment	industrial-classification-2003:33		
33.30/2	Manufacture of non-electronic industrial process control equipment	industrial-classification-2003:33.30		
33.30/1	Manufacture of electronic industrial process control equipment	industrial-classification-2003:33.30		
33.30	Manufacture of industrial process control equipment	industrial-classification-2003:33		
33.3	Manufacture of industrial process control equipment	industrial-classification-2003:33		
33.20/2	Manufacture of non-electronic instruments and appliances for measuring, checking, testing,	industrial-classification-2003:33.20		
33.20/1	Manufacture of electronic instruments and appliances for measuring, checking, testing, navigating	industrial-classification-2003:33.20		
33.20	Manufacture of instruments and appliances for measuring, checking, testing, navigating and other	industrial-classification-2003:33		
33.2	Manufacture of instruments and appliances for measuring, checking, testing, navigating and other	industrial-classification-2003:33		
33.10	Manufacture of medical and surgical equipment and orthopaedic appliances	industrial-classification-2003:33		
33.1	Manufacture of medical and surgical equipment and orthopaedic appliances	industrial-classification-2003:33		
33	Manufacture of Medical, Precision and Optical Instruments, Watches and Clocks	industrial-classification-2003:D		
32.30	Manufacture of television and radio receivers, sound or video recording or reproducing apparatus	industrial-classification-2003:32		
32.3	Manufacture of television and radio receivers, sound or video recording or reproducing apparatus	industrial-classification-2003:32		
32.20/2	Manufacture of radio and electronic capital goods	industrial-classification-2003:32.20		
32.20/1	Manufacture of telegraph and telephone apparatus and equipment	industrial-classification-2003:32.20		
32.20	Manufacture of television and radio transmitters and apparatus for line telephony and line telegraphy	industrial-classification-2003:32		
32.2	Manufacture of television and radio transmitters and apparatus for line telephony and line telegraphy	industrial-classification-2003:32		
32.10	Manufacture of electronic valves and tubes and other electronic components	industrial-classification-2003:32		
32.1	Manufacture of electronic valves and tubes and other electronic components	industrial-classification-2003:32		
32	Manufacture of Radio, Television and Communication Equipment and Apparatus	industrial-classification-2003:D		
31.62	Manufacture of other electrical equipment not elsewhere classified	industrial-classification-2003:31		
31.61	Manufacture of electrical equipment for engines and vehicles not elsewhere classified	industrial-classification-2003:31		
31.6	Manufacture of electrical equipment not elsewhere classified	industrial-classification-2003:31		
31.50	Manufacture of lighting equipment and electric lamps	industrial-classification-2003:31		
31.5	Manufacture of lighting equipment and electric lamps	industrial-classification-2003:31		
31.40	Manufacture of accumulators, primary cells and primary batteries	industrial-classification-2003:31		
31.4	Manufacture of accumulators, primary cells and primary batteries	industrial-classification-2003:31		
31.30	Manufacture of insulated wire and cable	industrial-classification-2003:31		
31.3	Manufacture of insulated wire and cable	industrial-classification-2003:31		
31.20	Manufacture of electricity distribution and control apparatus	industrial-classification-2003:31		
31.2	Manufacture of electricity distribution and control apparatus	industrial-classification-2003:31		
31.10	Manufacture of electric motors, generators and transformers	industrial-classification-2003:31		
31.1	Manufacture of electric motors, generators and transformers	industrial-classification-2003:31		
31	Manufacture of Electrical Machinery and Apparatus Not Elsewhere Classified	industrial-classification-2003:D		
30.02	Manufacture of computers and other information processing equipment	industrial-classification-2003:30		
30.01	Manufacture of office machinery	industrial-classification-2003:30		
30.0	Manufacture of office machinery and computers	industrial-classification-2003:30		
30	Manufacture of Office Machinery and Computers	industrial-classification-2003:D		
29.72	Manufacture of non-electric domestic appliances	industrial-classification-2003:29		
29.71	Manufacture of electric domestic appliances	industrial-classification-2003:29		
29.7	Manufacture of domestic appliances not elsewhere classified	industrial-classification-2003:29		
29.60	Manufacture of weapons and ammunition	industrial-classification-2003:29		
29.6	Manufacture of weapons and ammunition	industrial-classification-2003:29		
29.56	Manufacture of other special purpose machinery not elsewhere classified	industrial-classification-2003:29		
29.55	Manufacture of machinery for paper and paperboard production	industrial-classification-2003:29		
29.54	Manufacture of machinery for textile, apparel and leather production	industrial-classification-2003:29		
29.53	Manufacture of machinery for food, beverage and tobacco processing	industrial-classification-2003:29		
29.52/3	Manufacture of equipment for concrete crushing and screening and roadworks	industrial-classification-2003:29.52		
29.52/2	Manufacture of earth-moving equipment	industrial-classification-2003:29.52		
29.52/1	Manufacture of machinery for mining	industrial-classification-2003:29.52		
29.52	Manufacture of machinery for mining, quarrying and construction	industrial-classification-2003:29		
29.51	Manufacture of machinery for metallurgy	industrial-classification-2003:29		
29.5	Manufacture of other special purpose machinery	industrial-classification-2003:29		
29.43	Manufacture of other machine tools not elsewhere classified	industrial-classification-2003:29		
29.42	Manufacture of  other metalworking machine tools	industrial-classification-2003:29		
29.41	Manufacture of portable hand held power tools	industrial-classification-2003:29		
29.4	Manufacture of machine tools	industrial-classification-2003:29		
29.32	Manufacture of other agricultural and forestry machinery	industrial-classification-2003:29		
29.31	Manufacture of agricultural tractors	industrial-classification-2003:29		
29.3	Manufacture of agricultural and forestry machinery	industrial-classification-2003:29		
29.24	Manufacture of other general purpose machinery not elsewhere classified	industrial-classification-2003:29		
29.23	Manufacture of non-domestic cooling and ventilation equipment	industrial-classification-2003:29		
29.22	Manufacture of lifting and handling equipment	industrial-classification-2003:29		
29.21	Manufacture of furnaces and furnace burners	industrial-classification-2003:29		
29.2	Manufacture of other general purpose machinery	industrial-classification-2003:29		
29.14	Manufacture of bearings, gears, gearing and driving elements	industrial-classification-2003:29		
29.13	Manufacture of taps and valves	industrial-classification-2003:29		
29.12/2	Manufacture of compressors	industrial-classification-2003:29.12		
29.12/1	Manufacture of pumps	industrial-classification-2003:29.12		
29.12	Manufacture of pumps and compressors	industrial-classification-2003:29		
29.11	Manufacture of engines and turbines, except aircraft, vehicle and cycle engines	industrial-classification-2003:29		
29.1	Manufacture of machinery for the production and use of mechanical power, except aircraft, vehicle	industrial-classification-2003:29		
29	Manufacture of Machinery and Equipment Not Elsewhere Classified	industrial-classification-2003:D		
28.75	Manufacture of other fabricated metal products not elsewhere classified	industrial-classification-2003:28		
28.74	Manufacture of fasteners, screw machine products, chains and springs	industrial-classification-2003:28		
28.73	Manufacture of wire products	industrial-classification-2003:28		
28.72	Manufacture of light metal packaging	industrial-classification-2003:28		
28.71	Manufacture of steel drums and similar containers	industrial-classification-2003:28		
28.7	Manufacture of other fabricated metal products	industrial-classification-2003:28		
28.63	Manufacture of locks and hinges	industrial-classification-2003:28		
28.62	Manufacture of tools	industrial-classification-2003:28		
28.61	Manufacture of cutlery	industrial-classification-2003:28		
28.6	Manufacture of cutlery, tools and general hardware	industrial-classification-2003:28		
28.52	General mechanical engineering	industrial-classification-2003:28		
28.51	Treatment and coating of metals	industrial-classification-2003:28		
28.5	Treatment and coating of metals; general mechanical engineering	industrial-classification-2003:28		
28.40	Forging, pressing, stamping and roll forming of metal; powder metallurgy	industrial-classification-2003:28		
28.4	Forging, pressing, stamping and roll forming of metal; powder metallurgy	industrial-classification-2003:28		
28.30	Manufacture of steam generators, except central heating hot water boilers	industrial-classification-2003:28		
28.3	Manufacture of steam generators, except central heating hot water boilers	industrial-classification-2003:28		
28.22	Manufacture of central heating radiators and boilers	industrial-classification-2003:28		
28.21	Manufacture of tanks, reservoirs and containers of metal	industrial-classification-2003:28		
28.2	Manufacture of tanks, reservoirs and containers of metal; manufacture of central heating radiators and boilers	industrial-classification-2003:28		
28.12	Manufacture of builders’ carpentry and joinery of metal	industrial-classification-2003:28		
28.11	Manufacture of metal structures and parts of structures	industrial-classification-2003:28		
28.1	Manufacture of structural metal products	industrial-classification-2003:28		
28	Manufacture of Fabricated Metal Products, Except Machinery and Equipment	industrial-classification-2003:D		
27.54	Casting of other non-ferrous metals	industrial-classification-2003:27		
27.53	Casting of light metals	industrial-classification-2003:27		
27.52	Casting of steel	industrial-classification-2003:27		
27.51	Casting of iron	industrial-classification-2003:27		
27.5	Casting of metals	industrial-classification-2003:27		
27.45	Other non-ferrous metal production	industrial-classification-2003:27		
27.44	Copper production	industrial-classification-2003:27		
27.43	Lead, zinc and tin production	industrial-classification-2003:27		
27.42	Aluminium production	industrial-classification-2003:27		
27.41	Precious metals production	industrial-classification-2003:27		
27.4	Manufacture of basic precious and non-ferrous metals	industrial-classification-2003:27		
27.35	This code is no longer in use	industrial-classification-2003:27		
27.34	Wire drawing	industrial-classification-2003:27		
27.33	Cold forming or folding	industrial-classification-2003:27		
27.32	Cold rolling of narrow strip	industrial-classification-2003:27		
27.31	Cold drawing	industrial-classification-2003:27		
27.3	Other first processing of iron and steel	industrial-classification-2003:27		
27.22	Manufacture of steel tubes	industrial-classification-2003:27		
27.21	Manufacture of cast iron tubes	industrial-classification-2003:27		
27.2	Manufacture of tubes	industrial-classification-2003:27		
27.10	Manufacture of basic iron and steel and of ferro-alloys	industrial-classification-2003:27		
27.1	Manufacture of basic iron and steel and of ferro-alloys	industrial-classification-2003:27		
27	Manufacture of Basic Metals	industrial-classification-2003:D		
26.82/9	Manufacture of other non-metallic mineral products not elsewhere classified	industrial-classification-2003:26.82		
26.82/2	This code is no longer in use	industrial-classification-2003:26.82		
26.82/1	Manufacture of asbestos	industrial-classification-2003:26.82		
26.82	Manufacture of other non-metallic mineral products not elsewhere classified	industrial-classification-2003:26		
26.81	Production of abrasive products	industrial-classification-2003:26		
26.8	Manufacture of other non-metallic mineral products	industrial-classification-2003:26		
26.70	Cutting, shaping and finishing of ornamental and building stone	industrial-classification-2003:26		
26.7	Cutting, shaping and finishing of ornamental and building stone	industrial-classification-2003:26		
26.66	Manufacture of other articles of concrete, plaster and cement	industrial-classification-2003:26		
26.65	Manufacture of fibre cement	industrial-classification-2003:26		
26.64	Manufacture of mortars	industrial-classification-2003:26		
26.63	Manufacture of ready-mixed concrete	industrial-classification-2003:26		
26.62	Manufacture of plaster products for construction purposes	industrial-classification-2003:26		
26.61	Manufacture of concrete products for construction purposes	industrial-classification-2003:26		
26.6	Manufacture of articles of concrete, plaster and cement	industrial-classification-2003:26		
26.53	Manufacture of plaster	industrial-classification-2003:26		
26.52	Manufacture of lime	industrial-classification-2003:26		
26.51	Manufacture of cement	industrial-classification-2003:26		
26.5	Manufacture of cement, lime and plaster	industrial-classification-2003:26		
26.40	Manufacture of bricks, tiles and construction products, in baked clay	industrial-classification-2003:26		
26.4	Manufacture of bricks, tiles and construction products, in baked clay	industrial-classification-2003:26		
26.30	Manufacture of ceramic tiles and flags	industrial-classification-2003:26		
26.3	Manufacture of ceramic tiles and flags	industrial-classification-2003:26		
26.26	Manufacture of refractory ceramic products	industrial-classification-2003:26		
26.25	Manufacture of other ceramic products	industrial-classification-2003:26		
26.24	Manufacture of other technical ceramic products	industrial-classification-2003:26		
26.23	Manufacture of ceramic insulators and insulating fittings	industrial-classification-2003:26		
26.22	Manufacture of ceramic sanitary fixtures	industrial-classification-2003:26		
26.21	Manufacture of ceramic household and ornamental articles	industrial-classification-2003:26		
26.2	Manufacture of non-refractory ceramic goods other than for construction purposes;	industrial-classification-2003:26		
26.15	Manufacture and processing of other glass including technical glassware	industrial-classification-2003:26		
26.14	Manufacture of glass fibres	industrial-classification-2003:26		
26.13	Manufacture of hollow glass	industrial-classification-2003:26		
26.12	Shaping and processing of flat glass	industrial-classification-2003:26		
26.11	Manufacture of flat glass	industrial-classification-2003:26		
26.1	Manufacture of glass and glass products	industrial-classification-2003:26		
26	Manufacture of Other Non-metallic Mineral Products	industrial-classification-2003:D		
25.24	Manufacture of other plastic products	industrial-classification-2003:25		
25.23/9	Manufacture of other builders’ ware of plastic	industrial-classification-2003:25.23		
25.23/2	This code is no longer in use	industrial-classification-2003:25.23		
25.23/1	Manufacture of plastic floor coverings	industrial-classification-2003:25.23		
25.23	Manufacture of builders’ ware of plastic	industrial-classification-2003:25		
25.22	Manufacture of plastic packing goods	industrial-classification-2003:25		
25.21	Manufacture of plastic plates, sheets, tubes and profiles	industrial-classification-2003:25		
25.2	Manufacture of plastic products	industrial-classification-2003:25		
25.13	Manufacture of other rubber products	industrial-classification-2003:25		
25.12	Retreading and rebuilding of rubber tyres	industrial-classification-2003:25		
25.11	Manufacture of rubber tyres and tubes	industrial-classification-2003:25		
25.1	Manufacture of rubber products	industrial-classification-2003:25		
25	Manufacture of Rubber and Plastic Products	industrial-classification-2003:D		
24.70	Manufacture of man-made fibres	industrial-classification-2003:24		
24.7	Manufacture of man-made fibres	industrial-classification-2003:24		
24.66	Manufacture of other chemical products not elsewhere classified	industrial-classification-2003:24		
24.65	Manufacture of prepared unrecorded media	industrial-classification-2003:24		
24.64	Manufacture photographic chemical material	industrial-classification-2003:24		
24.63	Manufacture of essential oils	industrial-classification-2003:24		
24.62	Manufacture of glues and gelatine	industrial-classification-2003:24		
24.61	Manufacture of explosives	industrial-classification-2003:24		
24.6	Manufacture of other chemical products	industrial-classification-2003:24		
24.52	Manufacture of perfumes and toilet preparations	industrial-classification-2003:24		
24.51/2	Manufacture of cleaning and polishing preparations	industrial-classification-2003:24.51		
24.51/1	Manufacture of soap and detergents	industrial-classification-2003:24.51		
24.51	Manufacture of soap and detergents, cleaning and polishing preparations	industrial-classification-2003:24		
24.5	Manufacture of soap and detergents, cleaning and polishing preparations, perfumes and	industrial-classification-2003:24		
24.42/2	Manufacture of non-medicaments	industrial-classification-2003:24.42		
24.42/1	Manufacture of medicaments	industrial-classification-2003:24.42		
24.42	Manufacture of pharmaceutical preparations	industrial-classification-2003:24		
24.41	Manufacture of basic pharmaceutical products	industrial-classification-2003:24		
24.4	Manufacture of pharmaceuticals, medicinal chemicals and botanical products	industrial-classification-2003:24		
24.30/3	Manufacture of mastics and sealants	industrial-classification-2003:24.30		
24.30/2	Manufacture of printing ink	industrial-classification-2003:24.30		
24.30/1	Manufacture of paints, varnishes and similar coatings	industrial-classification-2003:24.30		
24.30	Manufacture of paints, varnishes and similar coatings, printing ink and mastics	industrial-classification-2003:24		
24.3	Manufacture of paints, varnishes and similar coatings, printing ink and mastics	industrial-classification-2003:24		
24.20	Manufacture of pesticides and other agro-chemical products	industrial-classification-2003:24		
24.2	Manufacture of pesticides and other agro-chemical products	industrial-classification-2003:24		
24.17	Manufacture of synthetic rubber in primary forms	industrial-classification-2003:24		
24.16	Manufacture of plastics in primary forms	industrial-classification-2003:24		
24.15	Manufacture of fertilisers and nitrogen compounds	industrial-classification-2003:24		
24.14	Manufacture of other organic basic chemicals	industrial-classification-2003:24		
24.13	Manufacture of other inorganic basic chemicals	industrial-classification-2003:24		
24.12	Manufacture of dyes and pigments	industrial-classification-2003:24		
24.11	Manufacture of industrial gases	industrial-classification-2003:24		
24.1	Manufacture of basic chemicals	industrial-classification-2003:24		
24	Manufacture of Chemicals and Chemical Products	industrial-classification-2003:D		
23.30	Processing of nuclear fuel	industrial-classification-2003:23		
23.3	Processing of nuclear fuel	industrial-classification-2003:23		
23.20/9	Other treatment of petroleum products (excluding petrochemicals manufacture)	industrial-classification-2003:23.20		
23.20/2	This code is no longer in use	industrial-classification-2003:23.20		
23.20/1	Mineral oil refining	industrial-classification-2003:23.20		
23.20	Manufacture of refined petroleum products	industrial-classification-2003:23		
23.2	Manufacture of refined petroleum products	industrial-classification-2003:23		
23.10	Manufacture of coke oven products	industrial-classification-2003:23		
23.1	Manufacture of coke oven products	industrial-classification-2003:23		
23	Manufacture of Coke, Refined Petroleum Products and Nuclear Fuel	industrial-classification-2003:D		
22.33	Reproduction of computer media	industrial-classification-2003:22		
22.32	Reproduction of video recording	industrial-classification-2003:22		
22.31	Reproduction of sound recording	industrial-classification-2003:22		
22.3	Reproduction of recorded media	industrial-classification-2003:22		
22.25	Ancillary activities related to printing	industrial-classification-2003:22		
22.24	Pre-press activities	industrial-classification-2003:22		
22.23	Bookbinding	industrial-classification-2003:22		
22.22	Printing not elsewhere classified	industrial-classification-2003:22		
22.21	Printing of newspapers	industrial-classification-2003:22		
22.2	Printing and service activities related to printing	industrial-classification-2003:22		
22.15	Other publishing	industrial-classification-2003:22		
22.14	Publishing of sound recordings	industrial-classification-2003:22		
22.13	Publishing of journals and periodicals	industrial-classification-2003:22		
22.12	Publishing of newspapers	industrial-classification-2003:22		
22.11	Publishing of books	industrial-classification-2003:22		
22.1	Publishing	industrial-classification-2003:22		
22	Publishing, Printing and Reproduction of Recorded Media	industrial-classification-2003:D		
21.25/9	Manufacture of other articles of paper and paperboard not elsewhere classified	industrial-classification-2003:21.25		
21.25/2	Manufacture of unprinted labels	industrial-classification-2003:21.25		
21.25/1	Manufacture of printed labels	industrial-classification-2003:21.25		
21.25	Manufacture of other articles of paper and paperboard not elsewhere classified	industrial-classification-2003:21		
21.24	Manufacture of wallpaper	industrial-classification-2003:21		
21.23	Manufacture of paper stationery	industrial-classification-2003:21		
21.22	Manufacture of household and sanitary goods and of toilet requisites	industrial-classification-2003:21		
21.21/9	Manufacture of other paper and paperboard containers	industrial-classification-2003:21.21		
21.21/5	Manufacture of cartons and similar containers of paper and paperboard specifically designed for	industrial-classification-2003:21.21		
21.21/4	Manufacture of cartons, boxes and cases of non-corrugated paper and paperboard	industrial-classification-2003:21.21		
21.21/3	Manufacture of cartons, boxes and cases of corrugated paper and paperboard	industrial-classification-2003:21.21		
21.21/2	This code is no longer in use	industrial-classification-2003:21.21		
21.21/1	Manufacture of corrugated paper and paperboard, sacks and bags	industrial-classification-2003:21.21		
21.21	Manufacture of corrugated paper and paperboard and of containers of paper and paperboard	industrial-classification-2003:21		
21.2	Manufacture of articles of paper and paperboard	industrial-classification-2003:21		
21.12	Manufacture of paper and paperboard	industrial-classification-2003:21		
21.11	Manufacture of pulp	industrial-classification-2003:21		
21.1	Manufacture of pulp, paper and paperboard	industrial-classification-2003:21		
21	Manufacture of Pulp, Paperand Paper Products	industrial-classification-2003:D		
20.52	Manufacture of articles of cork, straw and plaiting materials	industrial-classification-2003:20		
20.51	Manufacture of other products of wood	industrial-classification-2003:20		
20.5	Manufacture of other products of wood; manufacture of articles of cork, straw and plaiting materials	industrial-classification-2003:20		
20.40	Manufacture of wooden containers	industrial-classification-2003:20		
20.4	Manufacture of wooden containers	industrial-classification-2003:20		
20.30	Manufacture of builders’ carpentry and joinery	industrial-classification-2003:20		
20.3	Manufacture of builders’ carpentry and joinery	industrial-classification-2003:20		
20.20	Manufacture of veneer sheets; manufacture of plywood, laminboard, particle board, fibre board	industrial-classification-2003:20		
20.2	Manufacture of veneer sheets; manufacture of plywood, laminboard, particle board, fibre board	industrial-classification-2003:20		
20.10	Saw milling and planing of wood, impregnation of wood	industrial-classification-2003:20		
20.1	Saw milling and planing of wood, impregnation of wood	industrial-classification-2003:20		
20	Manufacture of Wood And Products of Wood And Cork, Except Furniture; Manufacture of Articles	industrial-classification-2003:D		
19.30	Manufacture of footwear	industrial-classification-2003:19		
19.3	Manufacture of footwear	industrial-classification-2003:19		
19.20	Manufacture of luggage, handbags and the like, saddlery and harness	industrial-classification-2003:19		
19.2	Manufacture of luggage, handbags and the like, saddlery and harness	industrial-classification-2003:19		
19.10	Tanning and dressing of leather	industrial-classification-2003:19		
19.1	Tanning and dressing of leather	industrial-classification-2003:19		
19	Tanning and Dressing of Leather; Manufacture of Handbags, Saddlery, Harness And Footwear	industrial-classification-2003:D		
18.30	Dressing and dyeing of fur; manufacture of articles of fur	industrial-classification-2003:18		
18.3	Dressing and dyeing of fur; manufacture of articles of fur	industrial-classification-2003:18		
18.24/9	Manufacture of other wearing apparel and accessories not elsewhere classified	industrial-classification-2003:18.24		
18.24/3	Cut, make and trim for clothing manufacturers (CMT)	industrial-classification-2003:18.24		
18.24/2	This code is no longer in use	industrial-classification-2003:18.24		
18.24/1	Manufacture of hats	industrial-classification-2003:18.24		
18.24	Manufacture of other wearing apparel and accessories not elsewhere classified	industrial-classification-2003:18		
18.23/2	Manufacture of women’s underwear	industrial-classification-2003:18.23		
18.23/1	Manufacture of men’s underwear	industrial-classification-2003:18.23		
18.23	Manufacture of underwear	industrial-classification-2003:18		
18.22/2	Manufacture of other women’s outerwear	industrial-classification-2003:18.22		
18.22/1	Manufacture of other men’s outerwear	industrial-classification-2003:18.22		
18.22	Manufacture of other outerwear	industrial-classification-2003:18		
18.21	Manufacture of workwear	industrial-classification-2003:18		
18.2	Manufacture of other wearing apparel and accessories	industrial-classification-2003:18		
18.10	Manufacture of leather clothes	industrial-classification-2003:18		
18.1	Manufacture of leather clothes	industrial-classification-2003:18		
18	Manufacture of Wearing Apparel; Dressing and Dyeing of Fur	industrial-classification-2003:D		
17.72	Manufacture of knitted and crocheted pullovers, cardigans and similar articles	industrial-classification-2003:17		
17.71	Manufacture of knitted and crocheted hosiery	industrial-classification-2003:17		
17.7	Manufacture of knitted and crocheted articles	industrial-classification-2003:17		
17.60	Manufacture of knitted and crocheted fabrics	industrial-classification-2003:17		
17.6	Manufacture of knitted and crocheted fabrics	industrial-classification-2003:17		
17.54/9	Manufacture of other textiles not elsewhere classified	industrial-classification-2003:17.54		
17.54/3	This code is no longer in use	industrial-classification-2003:17.54		
17.54/2	Manufacture of narrow fabrics	industrial-classification-2003:17.54		
17.54/1	Manufacture of lace	industrial-classification-2003:17.54		
17.54	Manufacture of other textiles not elsewhere classified	industrial-classification-2003:17		
17.53	Manufacture of non-wovens and articles made from non-wovens, except apparel	industrial-classification-2003:17		
17.52	Manufacture of cordage, rope, twine and netting	industrial-classification-2003:17		
17.51/9	Manufacture of other carpets and rugs	industrial-classification-2003:17.51		
17.51/3	This code is no longer in use	industrial-classification-2003:17.51		
17.51/2	Manufacture of tufted carpets and rugs	industrial-classification-2003:17.51		
17.51/1	Manufacture of woven carpets and rugs	industrial-classification-2003:17.51		
17.51	Manufacture of carpets and rugs	industrial-classification-2003:17		
17.5	Manufacture of other textiles	industrial-classification-2003:17		
17.40/3	Manufacture of household textiles	industrial-classification-2003:17.40		
17.40/2	Manufacture of canvas goods, sacks, etc.	industrial-classification-2003:17.40		
17.40/1	Manufacture of soft furnishings	industrial-classification-2003:17.40		
17.40	Manufacture of made-up textile articles, except apparel	industrial-classification-2003:17		
17.4	Manufacture of made-up textile articles, except apparel	industrial-classification-2003:17		
17.30	Finishing of textiles	industrial-classification-2003:17		
17.3	Finishing of textiles	industrial-classification-2003:17		
17.25	Other textile weaving	industrial-classification-2003:17		
17.24	Silk-type weaving	industrial-classification-2003:17		
17.23	Worsted-type weaving	industrial-classification-2003:17		
17.22	Woollen-type weaving	industrial-classification-2003:17		
17.21	Cotton-type weaving	industrial-classification-2003:17		
17.2	Textile weaving	industrial-classification-2003:17		
17.17	Preparation and spinning of other textile fibres	industrial-classification-2003:17		
17.16	Manufacture of sewing threads	industrial-classification-2003:17		
17.15	Throwing and preparation of silk including from noils and throwing and texturing of synthetic or artificial	industrial-classification-2003:17		
17.14	Preparation and spinning of flax-type fibres	industrial-classification-2003:17		
17.13	Preparation and spinning of worsted-type fibres	industrial-classification-2003:17		
17.12	Preparation and spinning of woollen-type fibres	industrial-classification-2003:17		
17.11	Preparation and spinning of cotton-type fibres	industrial-classification-2003:17		
17.1	Preparation and spinning of textile fibres	industrial-classification-2003:17		
17	Manufacture of Textiles	industrial-classification-2003:D		
16.00	Manufacture of tobacco products	industrial-classification-2003:16		
16.0	Manufacture of tobacco products	industrial-classification-2003:16		
16	Manufacture of Tobacco Products	industrial-classification-2003:D		
15.98	Manufacture of mineral waters and soft drinks	industrial-classification-2003:15		
15.97	Manufacture of malt	industrial-classification-2003:15		
15.96	Manufacture of beer	industrial-classification-2003:15		
15.95	Manufacture of other non-distilled fermented beverages	industrial-classification-2003:15		
15.94/9	Manufacture of other fermented fruit beverages	industrial-classification-2003:15.94		
15.94/2	This code is no longer in use	industrial-classification-2003:15.94		
15.94/1	Manufacture of cider and perry	industrial-classification-2003:15.94		
15.94	Manufacture of cider and other fruit wines	industrial-classification-2003:15		
15.93/2	Manufacture of wine based on concentrated grape must	industrial-classification-2003:15.93		
15.93/1	Manufacture of wine of fresh grapes and grape juice	industrial-classification-2003:15.93		
15.93	Manufacture of wines	industrial-classification-2003:15		
15.92	Production of ethyl alcohol from fermented materials	industrial-classification-2003:15		
15.91	Manufacture of distilled potable alcoholic beverages	industrial-classification-2003:15		
15.9	Manufacture of beverages	industrial-classification-2003:15		
15.89/9	Manufacture of other food products not elsewhere classified	industrial-classification-2003:15.89		
15.89/2	This code is no longer in use	industrial-classification-2003:15.89		
15.89/1	Manufacture of soups	industrial-classification-2003:15.89		
15.89	Manufacture of other food products not elsewhere classified	industrial-classification-2003:15		
15.88	Manufacture of homogenised food preparations and dietetic food	industrial-classification-2003:15		
15.87	Manufacture of condiments and seasonings	industrial-classification-2003:15		
15.86/2	Production of coffee and coffee substitutes	industrial-classification-2003:15.86		
15.86/1	Tea processing	industrial-classification-2003:15.86		
15.86	Processing of tea and coffee	industrial-classification-2003:15		
15.85	Manufacture of macaroni, noodles, couscous and similar farinaceous products	industrial-classification-2003:15		
15.84/2	Manufacture of sugar confectionery	industrial-classification-2003:15.84		
15.84/1	Manufacture of cocoa and chocolate confectionery	industrial-classification-2003:15.84		
15.84	Manufacture of cocoa, chocolate and sugar confectionery	industrial-classification-2003:15		
15.83	Manufacture of sugar	industrial-classification-2003:15		
15.82	Manufacture of rusks and biscuits; manufacture of preserved pastry goods and cakes	industrial-classification-2003:15		
15.81	Manufacture of bread; manufacture of fresh pastry goods and cakes	industrial-classification-2003:15		
15.8	Manufacture of other food products	industrial-classification-2003:15		
15.72	Manufacture of prepared pet foods	industrial-classification-2003:15		
15.71	Manufacture of prepared feeds for farm animals	industrial-classification-2003:15		
15.7	Manufacture of prepared animal feeds	industrial-classification-2003:15		
15.62	Manufacture of starches and starch products	industrial-classification-2003:15		
15.61/2	Manufacture of breakfast cereals and cereals-based foods	industrial-classification-2003:15.61		
15.61/1	Grain milling	industrial-classification-2003:15.61		
15.61	Manufacture of grain mill products	industrial-classification-2003:15		
15.6	Manufacture of grain mill products, starches and starch products	industrial-classification-2003:15		
15.52	Manufacture of ice cream	industrial-classification-2003:15		
15.51/9	Manufacture of other milk products	industrial-classification-2003:15.51		
15.51/3	This code is no longer in use	industrial-classification-2003:15.51		
15.51/2	Butter and cheese production	industrial-classification-2003:15.51		
15.51/1	Liquid milk and cream production	industrial-classification-2003:15.51		
15.51	Operation of dairies and cheese making	industrial-classification-2003:15		
15.5	Manufacture of dairy products	industrial-classification-2003:15		
15.43	Manufacture of margarine and similar edible fats	industrial-classification-2003:15		
15.42	Manufacture of refined oils and fats	industrial-classification-2003:15		
15.41	Manufacture of crude oils and fats	industrial-classification-2003:15		
15.4	Manufacture of vegetable and animal oils and fats	industrial-classification-2003:15		
15.33	Processing and preserving of fruit and vegetables not elsewhere classified	industrial-classification-2003:15		
15.32	Manufacture of fruit and vegetable juice	industrial-classification-2003:15		
15.31	Processing and preserving of potatoes	industrial-classification-2003:15		
15.3	Processing and preserving of fruit and vegetables	industrial-classification-2003:15		
15.20/9	Other fish processing and preserving	industrial-classification-2003:15.20		
15.20/2	This code is no longer in use	industrial-classification-2003:15.20		
15.20/1	Freezing of fish	industrial-classification-2003:15.20		
15.20	Processing and preserving of fish and fish products	industrial-classification-2003:15		
15.2	Processing and preserving of fish and fish products	industrial-classification-2003:15		
15.13/9	Other meat and poultry meat processing	industrial-classification-2003:15.13		
15.13/2	This code is no longer in use	industrial-classification-2003:15.13		
15.13/1	Bacon and ham production	industrial-classification-2003:15.13		
15.13	Production of meat and poultry meat products	industrial-classification-2003:15		
15.12	Production and preserving of poultry meat	industrial-classification-2003:15		
15.11/3	Fellmongery	industrial-classification-2003:15.11		
15.11/2	Animal by-product processing	industrial-classification-2003:15.11		
15.11/1	Slaughtering of animals other than poultry and rabbits	industrial-classification-2003:15.11		
15.11	Production and preserving of meat	industrial-classification-2003:15		
15.1	Production, processing and preserving of meat and meat products	industrial-classification-2003:15		
15	Manufacture of Food Products and Beverages	industrial-classification-2003:D		
14.50	Other mining and quarrying not elsewhere classified	industrial-classification-2003:14		
14.5	Other mining and quarrying not elsewhere classified	industrial-classification-2003:14		
14.40	Production of salt	industrial-classification-2003:14		
14.4	Production of salt	industrial-classification-2003:14		
14.30	Mining of chemicals and fertiliser minerals	industrial-classification-2003:14		
14.3	Mining of chemicals and fertiliser minerals	industrial-classification-2003:14		
14.22	Mining of clays and kaolin	industrial-classification-2003:14		
14.21	Operation of gravel and sand pits	industrial-classification-2003:14		
14.2	Quarrying of sand and clay	industrial-classification-2003:14		
14.13	Quarrying of slate	industrial-classification-2003:14		
14.12	Quarrying of limestone, gypsum and chalk	industrial-classification-2003:14		
14.11	Quarrying of ornamental and building stone	industrial-classification-2003:14		
14.1	Quarrying of stone	industrial-classification-2003:14		
14	Other Mining and Quarrying	industrial-classification-2003:C		
13.20	Mining of non-ferrous metal ores, except uranium and thorium ores	industrial-classification-2003:13		
13.2	Mining of non-ferrous metal ores, except uranium and thorium ores	industrial-classification-2003:13		
13.10	Mining of iron ores	industrial-classification-2003:13		
13.1	Mining of iron ores	industrial-classification-2003:13		
13	Mining of Metal Ores	industrial-classification-2003:C		
12.00	Mining of uranium and thorium ores	industrial-classification-2003:12		
12.0	Mining of uranium and thorium ores	industrial-classification-2003:12		
12	Mining of Uranium and Thorium Ores	industrial-classification-2003:C		
11.20	Service activities incidental to oil and gas extraction excluding surveying	industrial-classification-2003:11		
11.2	Service activities incidental to oil and gas extraction excluding surveying	industrial-classification-2003:11		
11.10	Extraction of crude petroleum and natural gas	industrial-classification-2003:11		
11.1	Extraction of crude petroleum and natural gas	industrial-classification-2003:11		
11	Extraction of Crude Petroleum and Natural Gas; Service Activities Incidental to Oil and Gas Extraction	industrial-classification-2003:C		
10.30	Extraction and agglomeration of peat	industrial-classification-2003:10		
10.3	Extraction and agglomeration of peat	industrial-classification-2003:10		
10.20	Mining and agglomeration of lignite	industrial-classification-2003:10		
10.2	Mining and agglomeration of lignite	industrial-classification-2003:10		
10.10/3	Manufacture of solid fuel	industrial-classification-2003:10.10		
10.10/2	Open cast coal working	industrial-classification-2003:10.10		
10.10/1	Deep coal mines	industrial-classification-2003:10.10		
10.10	Mining and agglomeration of hard coal	industrial-classification-2003:10		
10.1	Mining and agglomeration of hard coal	industrial-classification-2003:10		
10	Mining of Coal and Lignite; Extraction of Peat	industrial-classification-2003:C		
05.02	Fish farming	industrial-classification-2003:05		
05.01	Fishing	industrial-classification-2003:05		
05.0	Fishing,  fish farming and related service activities	industrial-classification-2003:05		
05	Fishing, Fish Farming and Related Service Activities	industrial-classification-2003:B		
02.02	Forestry and logging  related service activities	industrial-classification-2003:02		
02.01	Forestry and logging	industrial-classification-2003:02		
02.0	Forestry, logging and related service activities	industrial-classification-2003:02		
02	Forestry, Logging and Related Service Activities	industrial-classification-2003:A		
01.50	Hunting, trapping and game propagation including related service activities	industrial-classification-2003:01		
01.5	Hunting, trapping and game propagation including related service activities	industrial-classification-2003:01		
01.42/9	Animal husbandry service activities, except veterinary activities, not elsewhere classified	industrial-classification-2003:01.42		
01.42/1	Farm animal boarding and care	industrial-classification-2003:01.42		
01.42	Animal husbandry service activities, except veterinary activities	industrial-classification-2003:01		
01.41	Agricultural service activities; landscape gardening	industrial-classification-2003:01		
01.4	Agricultural and animal husbandry service activities, except veterinary activities; landscape gardening	industrial-classification-2003:01		
01.30	Growing of crops combined with farming of animals (mixed farming)	industrial-classification-2003:01		
01.3	Growing of crops combined with farming of animals (mixed farming)	industrial-classification-2003:01		
01.25	Other farming of animals	industrial-classification-2003:01		
01.24	Farming of poultry	industrial-classification-2003:01		
01.23	Farming of swine	industrial-classification-2003:01		
01.22	Farming of sheep, goats, horses, asses, mules and hinnies	industrial-classification-2003:01		
01.21	Farming of cattle, dairy farming	industrial-classification-2003:01		
01.2	Farming of animals	industrial-classification-2003:01		
01.13/9	Growing of other fruit, nuts and spice crops; growing of other beverage crops	industrial-classification-2003:01.13		
01.13/1	Growing of wine grapes and table grapes and production of wine from self-produced grapes	industrial-classification-2003:01.13		
01.13	Growing of fruit, nuts, beverage and spice crops	industrial-classification-2003:01		
01.12	Growing of vegetables, horticultural specialities and nursery products	industrial-classification-2003:01		
01.11	Growing of cereals and other crops not elsewhere classified	industrial-classification-2003:01		
01.1	Growing of crops; market gardening; horticulture	industrial-classification-2003:01		
01	Agriculture, Hunting and Related Service Activities	industrial-classification-2003:A		
